Shape,Carat,Cut,Color,Clarity,Table,Depth,Cert,Measurements,Price
Heart,3.13,Good,D,SI2,54,56.9,AGS,9.32 x 10.61 x 6.03,"$27,616"
Heart,1.03,Good,H,I1,51,57.5,AGS,6.22 x 7.03 x 4.04,"$3,188"
Heart,1.02,Good,G,SI2,56,51.3,AGS,6.36 x 7.07 x 3.64,"$3,158"
Heart,1.63,Good,K,SI2,63,43,AGS,7.83 x 8.28 x 3.56,"$4,009"
Heart,1.2,Ideal,E,SI2,48.4,57.9,AGS,7.42 x 6.25 x 4.29,"$5,256"
Heart,1.5,Ideal,E,SI2,52,53,AGS,8.22 x 7.4 x 4.36,"$7,860"
Heart,1.71,Ideal,H,SI2,51.4,61.4,AGS,8.34 x 7.28 x 5.12,"$8,557"
Heart,2.04,Ideal,F,SI2,52,50.2,AGS,8.79 x 8.13 x 4.41,"$14,121"
Heart,2.04,Ideal,F,SI2,64.9,39.3,AGS,9.83 x 8.83 x 3.87,"$12,612"
Heart,1.67,Ideal,I,SI2,54.5,41.6,AGS,7.84 x 9.1 x 3.79,"$6,700"
Heart,1.88,Ideal,I,SI2,64,52.3,AGS,8.23 x 8.16 x 4.31,"$9,552"
Heart,1.01,Ideal,I,SI2,58,49.9,AGS,6.82 x 6.79 x 3.39,"$2,719"
Heart,3.13,V.Good,D,SI2,54,56.9,AGS,9.32 x 10.61 x 6.03,"$28,889"
Heart,1.01,Good,I,SI2,58,49.9,AGS,6.82 x 6.79 x 3.39,"$2,386"
Heart,1.2,V.Good,E,SI2,48,57.9,AGS,7.42 x 6.25 x 4.29,"$4,694"
Heart,1.5,V.Good,E,SI2,52,53,AGS,8.22 x 7.40 x 4.36,"$6,969"
Heart,1.67,Good,I,SI2,54,41.6,AGS,9.10 x 7.84 x 3.79,"$5,962"
Heart,1.71,V.Good,H,SI2,51,61.4,AGS,8.34 x 7.28 x 5.12,"$7,676"
Heart,1.88,Good,I,SI2,64,52.3,AGS,8.23 x 8.16 x 4.31,"$8,636"
Heart,2.04,V.Good,F,SI2,52,50.2,AGS,8.79 x 8.13 x 4.41,"$12,584"
Heart,0.96,V.Good,H,SI2,58,65.8,GIA,5.49 x 6.42 x 4.22,"$2,850"
Heart,0.96,Good,I,VVS1,55,55.1,GIA,6.09 x 6.95 x 3.83,"$4,810"
Heart,0.96,Ideal,G,SI1,59,57.6,GIA,6.86 x 5.65 x 3.95,"$3,620"
Heart,0.96,Ideal,F,SI2,55,59.1,GIA,6.08 x 6.82 x 4.03,"$4,390"
Heart,0.96,Ideal,I,SI1,60,61.5,GIA,5.91 x 6.59 x 4.05,"$2,980"
Heart,0.96,Ideal,G,VS1,59,59.1,GIA,6.27 x 6.6 x 3.9,"$4,640"
Heart,0.96,Ideal,E,VS1,56,58.2,GIA,6.86 x 6.19 x 3.99,"$4,710"
Heart,0.96,Ideal,G,SI1,55,60.5,GIA,6.07 x 6.61 x 4,"$4,380"
Heart,0.96,Ideal,G,VS1,62,60.7,GIA,5.77 x 6.92 x 4.2,"$4,480"
Heart,0.96,Ideal,J,SI2,57,60,GIA,6.8 x 5.66 x 4.08,"$2,470"
Heart,0.96,V.Good,H,VVS2,57,58.2,GIA,5.98 x 6.85 x 3.99,"$4,350"
Heart,0.96,Good,I,SI1,60,56.6,GIA,6.91 x 6.16 x 3.91,"$3,010"
Heart,0.96,Good,D,VS2,57,58.5,GIA,6.79 x 5.94 x 3.97,"$4,430"
Heart,0.96,Ideal,H,VS2,56,59.7,GIA,6.86 x 5.51 x 4.1,"$4,100"
Heart,0.96,V.Good,E,VVS1,60,58.6,GIA,6.88 x 5.56 x 4.03,"$6,000"
Heart,0.96,Ideal,F,VS2,61,58,GIA,6.79 x 5.91 x 3.94,"$4,210"
Heart,0.47,V.Good,J,SI1,68,46.2,GIA,5.26 x 5.44 x 2.51,$523
Heart,2.25,V.Good,G,SI2,56,56.9,GIA,8.25 x 8.84 x 5.03,"$13,297"
Heart,0.84,V.Good,D,SI1,64,58.6,GIA,5.24 x 6.72 x 3.94,"$2,712"
Heart,1.01,V.Good,H,SI2,55,62.6,GIA,6.13 x 6.53 x 4.09,"$3,183"
Heart,1.03,V.Good,E,SI2,59,57.7,GIA,5.80 x 7.11 x 4.10,"$3,652"
Heart,0.91,V.Good,G,SI2,58,63.2,GIA,5.51 x 6.42 x 4.06,"$2,476"
Heart,0.9,V.Good,G,SI2,58,60.2,GIA,5.59 x 6.49 x 3.91,"$2,451"
Heart,1.56,V.Good,E,SI2,60,58.5,GIA,6.84 x 8.04 x 4.70,"$7,311"
Heart,1.01,V.Good,D,VS2,60,55.1,GIA,6.51 x 6.84 x 3.77,"$5,225"
Heart,1,V.Good,F,VS2,57,64,GIA,6.05 x 6.37 x 4.08,"$4,729"
Heart,0.95,V.Good,F,VS2,52,49.6,GIA,6.26 x 6.91 x 3.43,"$3,502"
Heart,1.03,V.Good,I,SI2,56,59.7,GIA,6.11 x 6.83 x 4.08,"$2,550"
Heart,2.42,V.Good,J,SI2,59,47.9,GIA,8.83 x 9.25 x 4.43,"$11,808"
Heart,3.03,V.Good,J,SI1,64,47.3,GIA,9.83 x 10.10 x 4.78,"$20,668"
Heart,1.04,V.Good,G,VVS2,59,57.5,GIA,6.19 x 6.86 x 3.95,"$5,886"
Heart,1.24,V.Good,I,VVS1,57,44,GIA,6.90 x 8.18 x 3.60,"$5,544"
Heart,1.01,V.Good,E,SI1,60,61.6,GIA,5.95 x 6.78 x 4.18,"$5,170"
Heart,1.01,V.Good,E,VS2,64,48.3,GIA,6.35 x 7.31 x 3.53,"$5,648"
Heart,1.02,V.Good,F,VS2,61,57.3,GIA,6.11 x 6.92 x 3.96,"$5,618"
Heart,0.89,V.Good,I,SI1,61,48.1,GIA,6.15 x 6.97 x 3.36,"$2,334"
Heart,0.94,Ideal,E,SI1,54,61.1,GIA,6.81 x 5.51 x 4.16,"$5,810"
Heart,0.94,Good,D,SI2,60,56,GIA,6.72 x 5.98 x 3.76,"$3,740"
Heart,0.94,Ideal,F,SI2,58,57.6,GIA,6.7 x 6.57 x 3.86,"$4,020"
Heart,0.94,Ideal,D,SI1,57,59.4,GIA,5.79 x 6.79 x 4.03,"$4,110"
Heart,0.91,Ideal,F,SI1,59,60.2,GIA,6.45 x 5.96 x 3.88,"$3,220"
Heart,0.91,Ideal,E,VS2,59,57.6,GIA,5.65 x 6.62 x 3.82,"$4,570"
Heart,0.91,Good,F,SI2,59,55,GIA,6.12 x 6.85 x 3.77,"$3,480"
Heart,1.04,V.Good,D,VVS1,0,0,GIA,5.95 x 7.15 x 4.26,"$6,845"
Heart,0.92,V.Good,G,VS2,0,0,GIA,6.26 x 6.63 x 3.89,"$3,865"
Heart,0.5,V.Good,L,SI2,0,0,GIA,4.49 x 5.36 x 3.26,$869
Heart,2.01,V.Good,D,VS1,0,0,GIA,7.92 x 8.42 x 5.15,"$31,944"
Heart,0.52,V.Good,D,SI2,0,0,GIA,4.68 x 5.57 x 3.34,"$1,135"
Heart,3.5,V.Good,G,SI1,0,0,GIA,9.47 x 10.46 x 5.93,"$38,118"
Heart,4.02,V.Good,G,SI1,0,0,GIA,9.77 x 11.39 x 6.44,"$58,062"
Heart,0.5,Ideal,G,VS2,47,56.6,GIA,4.48 x 5.52 x 3.12,"$1,202"
Heart,0.9,V.Good,G,VS2,47,64.4,GIA,5.45 x 6.29 x 4.05,"$2,653"
Heart,0.5,V.Good,G,VS2,47,56.6,GIA,4.48 x 5.52 x 3.12,"$1,270"
Heart,0.7,Good,H,SI2,48,66.1,GIA,5.14 x 5.76 x 3.81,"$1,364"
Heart,1,Good,G,SI2,48,64.9,GIA,5.88 x 6.58 x 4.27,"$2,977"
Heart,0.9,V.Good,G,SI1,48,69.7,GIA,5.75 x 5.99 x 4.18,"$2,557"
Heart,0.7,V.Good,H,SI2,48,66.1,GIA,5.14 x 5.76 x 3.81,"$1,446"
Heart,2.03,V.Good,D,VS2,48,57.6,GIA,7.83 x 8.80 x 5.07,"$21,547"
Heart,1,V.Good,G,SI2,48,64.9,GIA,6.58 x 5.88 x 4.27,"$3,135"
Heart,1.2,V.Good,E,SI2,48,57.9,AGS,7.42 x 6.25 x 4.29,"$4,694"
Heart,1.2,Ideal,E,SI2,48.4,57.9,AGS,7.42 x 6.25 x 4.29,"$5,256"
Heart,2.02,Ideal,G,SI2,49,55.5,GIA,8.34 x 8.72 x 4.84,"$14,839"
Heart,1.29,Ideal,F,SI1,49,56.7,GIA,6.66 x 7.42 x 4.21,"$5,599"
Heart,0.24,Ideal,G,I1,61,53.8,GIA,3.80 x 4.42 x 2.38,$174
Heart,0.27,V.Good,G,I1,62,61.9,GIA,4.04 x 4.25 x 2.50,$202
Heart,0.28,Good,H,I1,63,63.3,GIA,4.09 x 4.41 x 2.59,$205
Heart,0.31,Good,J,I1,70,44.6,GIA,5.58 x 3.92 x 2.49,$205
Heart,0.24,Ideal,G,SI1,67,55.9,GIA,3.74 x 4.22 x 2.36,$209
Heart,0.23,Ideal,D,I1,58,57.6,GIA,3.94 x 4.22 x 2.43,$214
Heart,0.23,Good,F,I1,58,63.2,GIA,3.67 x 4.10 x 2.59,$216
Heart,0.23,Ideal,D,I1,63,52.1,GIA,4.00 x 4.36 x 2.27,$221
Heart,0.24,Ideal,D,I1,64,53.2,GIA,3.84 x 4.42 x 2.35,$225
Heart,0.25,V.Good,E,I1,60,61.4,GIA,3.84 x 4.20 x 2.58,$231
Heart,0.25,Ideal,E,SI2,59,59.4,GIA,4.23 x 4.06 x 2.51,$234
Heart,0.25,Ideal,E,SI2,59,59.4,GIA,4.06 x 4.23 x 2.51,$236
Heart,0.26,Ideal,D,I1,61,59.4,GIA,4.25 x 4.29 x 2.55,$244
Heart,0.27,V.Good,F,I1,63,60.9,GIA,3.96 x 4.35 x 2.65,$248
Heart,0.22,Ideal,D,SI2,63,52.1,GIA,4.00 x 4.22 x 2.20,$250
Heart,0.29,V.Good,F,I1,63,60.5,GIA,4.09 x 4.43 x 2.68,$263
Heart,0.29,Ideal,G,SI2,63,56.2,GIA,4.18 x 4.63 x 2.60,$267
Round,0.2,Good,E,I1,60,63.6,GIA,3.72 x 3.67 x 2.35,$147
Round,0.24,V.Good,I,I1,66,57.3,GIA,4.12 x 4.08 x 2.35,$158
Round,0.5,Good,E,VVS2,0,0,GIA,4.95 x 4.98 x 3.16,"$2,128"
Round,0.89,V.Good,L,VS1,0,0,GIA,6.33 x 6.39 x 3.63,"$2,115"
Round,1.34,Ideal,G,VS2,0,0,GIA,0.69 x 7.06 x 4.42,"$12,292"
Round,0.5,V.Good,J,SI2,0,0,GIA,5.09 x 3.13 x 5.13,$980
Round,0.52,Good,I,SI1,0,0,GIA,5.02 x 3.13 x 5.05,"$1,095"
Round,0.53,V.Good,J,SI2,0,0,GIA,5.2 x 3.16 x 5.24,$977
Round,0.54,V.Good,J,VS2,0,0,GIA,5.15 x 3.26 x 5.2,"$1,137"
Round,0.55,V.Good,I,VVS1,0,0,GIA,5.2 x 3.23 x 5.22,"$1,719"
Round,0.58,V.Good,F,VS1,0,0,GIA,5.36 x 3.26 x 5.38,"$2,451"
Round,0.6,Ideal,D,IF,0,0,GIA,5.4 x 3.36 x 5.33,"$4,007"
Round,0.7,V.Good,E,VS1,0,0,GIA,5.7 x 3.43 x 5.66,"$3,136"
Round,0.71,V.Good,I,SI1,0,0,GIA,5.6 x 3.57 x 5.65,"$2,439"
Round,0.72,Ideal,G,VVS2,0,0,GIA,5.74 x 3.52 x 5.82,"$3,060"
Round,1,Good,G,VVS2,0,0,GIA,6.43 x 3.92 x 6.38,"$7,786"
Round,1,Good,G,IF,0,0,GIA,6.47 x 3.81 x 6.41,"$7,838"
Round,1.01,V.Good,H,IF,0,0,GIA,6.5 x 3.97 x 6.46,"$7,159"
Round,1.01,Good,L,SI1,0,0,GIA,6.31 x 3.97 x 6.28,"$3,167"
Round,1.01,Ideal,J,IF,0,0,GIA,6.42 x 3.97 x 6.39,"$5,232"
Round,1.07,V.Good,I,IF,0,0,GIA,6.53 x 4.06 x 6.51,"$7,225"
Round,1.07,Ideal,F,IF,0,0,GIA,6.59 x 4.08 x 6.53,"$10,884"
Round,0.23,Ideal,F,I1,54,61.8,GIA,3.93 x 3.93 x 2.43,$193
Round,0.23,Good,G,SI2,60,64.2,GIA,3.88 x 3.81 x 2.47,$193
Round,1.27,Ideal,H,VVS2,57.6,62.1,AGS,6.92 x 6.95 x 4.31,"$9,547"
Round,1.3,Ideal,E,VVS1,54.8,62.6,AGS,6.96 x 6.99 x 4.37,"$16,545"
Round,1.3,Ideal,H,VVS2,57.7,62.6,AGS,6.92 x 6.97 x 4.35,"$9,986"
Round,0.9,Good,H,VVS2,57.7,62.6,AGS,6.14 x 6.21 x 3.86,"$5,163"
Round,1.31,Ideal,I,VS2,57,62.3,AGS,6.94 x 6.99 x 4.35,"$7,701"
Round,1.82,Good,J,IF,58,62.7,AGS,7.73 x 7.79 x 4.87,"$12,163"
Round,0.9,Good,F,VS1,58.2,63.4,AGS,6.08 x 6.13 x 3.87,"$5,300"
Round,0.9,Ideal,H,SI1,57.6,62.6,AGS,6.13 x 6.18 x 3.85,"$4,359"
Round,1.71,Ideal,F,SI2,57,62.1,AGS,7.65 x 7.69 x 4.76,"$12,587"
Round,1.77,Ideal,H,SI2,54,62.8,AGS,7.66 x 7.71 x 4.83,"$11,148"
Round,1.02,Ideal,J,SI1,60.9,60.9,AGS,6.42 x 6.53 x 3.93,"$4,197"
Round,1.03,V.Good,G,SI2,58.9,61.4,AGS,6.44 x 6.52 x 3.99,"$4,822"
Round,2.77,Ideal,J,VS1,59.2,62,AGS,8.92 x 8.95 x 5.54,"$25,765"
Round,3.05,Ideal,I,VS1,58.6,61,AGS,9.36 x 9.44 x 5.74,"$42,423"
Round,3.01,Ideal,H,VVS2,61.2,61,AGS,9.23 x 9.35 x 5.68,"$57,373"
Round,2.48,Good,G,VVS1,58.8,62.8,AGS,8.53 x 8.60 x 5.39,"$43,308"
Round,2.2,Ideal,I,VS1,57.2,62.3,AGS,8.30 x 8.33 x 5.18,"$21,021"
Round,2.9,Ideal,F,VVS1,56.1,62.6,AGS,9.06 x 9.14 x 5.71,"$82,066"
Round,2.55,Ideal,I,VS1,57.2,62.6,AGS,8.68 x 8.72 x 5.45,"$26,742"
Round,4,Ideal,J,VS1,59.9,60,AGS,10.27 x 10.35 x 6.18,"$56,115"
Round,0.28,V.Good,J,I1,59,59.8,GIA,4.27 x 4.30 x 2.56,$223
Round,0.2,V.Good,I,VS2,57,59.5,GIA,3.82 x 3.85 x 2.28,$224
Round,0.21,V.Good,J,VS2,59,61.7,GIA,3.76 x 3.79 x 2.33,$225
Round,0.24,Good,J,VS1,65,57.1,GIA,4.13 x 4.09 x 2.35,$225
Round,0.25,Ideal,I,SI2,58,62.4,GIA,4.02 x 4.05 x 2.52,$226
Round,0.29,Good,K,VS2,65,56.4,GIA,4.40 x 4.33 x 2.46,$226
Round,0.43,Ideal,L,I1,58,62.2,GIA,4.83 x 4.80 x 3.00,$226
Round,0.22,V.Good,H,SI2,59,62,GIA,3.86 x 3.88 x 2.40,$227
Round,0.27,V.Good,E,I1,59,59.1,GIA,4.22 x 4.21 x 2.49,$227
Round,0.29,Good,K,VS2,65,56.4,GIA,4.33 x 4.40 x 2.46,$228
Round,0.31,Ideal,I,I1,59,60.2,GIA,4.41 x 4.42 x 2.66,$228
Round,0.29,Good,I,SI2,58,52.9,GIA,4.61 x 4.48 x 2.41,$228
Round,0.3,Ideal,G,I1,61,59.3,GIA,4.38 x 4.40 x 2.60,$229
Round,0.24,Ideal,K,VS2,59,59.2,GIA,4.08 x 4.09 x 2.42,$229
Round,0.29,V.Good,L,VS2,54,59.4,GIA,4.36 x 4.35 x 2.59,$229
Round,0.23,V.Good,F,I1,61,59.6,GIA,3.97 x 3.99 x 2.37,$230
Round,0.25,V.Good,K,VS1,60,59.3,GIA,4.15 x 4.14 x 2.46,$230
Round,0.21,Ideal,J,VS2,61,60.4,GIA,3.81 x 3.83 x 2.31,$231
Round,0.29,Good,K,VVS1,59,61.3,GIA,4.24 x 4.29 x 2.61,$233
Round,0.3,V.Good,G,I1,55,63.6,GIA,4.22 x 4.26 x 2.70,$233
Round,0.26,Good,E,I1,66,57.4,GIA,4.20 x 4.22 x 2.42,$233
Round,0.3,V.Good,K,I1,56,64.1,GIA,4.19 x 4.21 x 2.69,$233
Round,0.29,Ideal,K,SI2,58,61.9,GIA,4.22 x 4.23 x 2.62,$233
Round,0.24,V.Good,J,VS2,63,57,GIA,4.16 x 4.12 x 2.36,$233
Round,0.21,Good,G,SI1,61,62.5,GIA,3.78 x 3.80 x 2.37,$234
Round,0.23,V.Good,K,VS2,56,63.4,GIA,3.93 x 3.89 x 2.48,$234
Round,0.25,V.Good,L,VVS2,62,59.5,GIA,4.13 x 4.09 x 2.45,$234
Round,0.24,Ideal,K,VS2,58,62.2,GIA,3.98 x 3.99 x 2.48,$235
Round,0.22,Good,I,SI1,61,62.1,GIA,3.83 x 3.86 x 2.39,$235
Round,0.23,Good,E,SI1,64,61,GIA,4.01 x 3.89 x 2.41,$235
Round,1.03,V.Good,D,SI2,55,62.8,AGS,6.41 x 6.48 x 4.04,"$5,400"
Round,1.03,V.Good,H,SI1,60.8,61.9,AGS,6.42 x 6.46 x 3.98,"$6,053"
Round,3.5,Ideal,I,VS2,57,62.8,AGS,9.60 x 9.66 x 6.05,"$43,198"
Round,2.5,Ideal,K,VS2,54.1,61,AGS,8.79 x 8.81 x 5.36,"$17,816"
Round,1.67,Ideal,G,SI1,56,61.6,AGS,7.63 x 7.67 x 4.71,"$15,435"
Round,6.02,Ideal,I,SI2,58,59.4,AGS,11.83 x 11.91 x 7.06,"$82,639"
Round,3.27,Ideal,H,SI2,57,60.2,AGS,9.61 x 9.65 x 5.81,"$34,744"
Round,0.64,Ideal,I,VVS2,56,60.9,AGS,5.62 x 5.64 x 3.43,"$2,067"
Round,2,V.Good,K,SI2,57.2,63.3,AGS,7.91 x 7.94 x 5.02,"$9,558"
Round,2.02,Good,E,SI2,60.9,59.5,AGS,8.16 x 8.25 x 4.89,"$17,253"
Round,5.01,Ideal,E,SI2,57,61.8,AGS,10.88 x 10.94 x 6.75,"$113,464"
Round,1.04,Ideal,G,VVS1,55,60.8,AGS,6.57 x 6.60 x 4.01,"$9,771"
Round,0.7,Ideal,F,SI1,55,62.4,AGS,5.62 x 5.70 x 3.54,"$2,485"
Round,0.41,Ideal,G,VS2,56,62.3,AGS,4.74 x 4.77 x 2.96,$763
Round,2.64,Ideal,G,VS2,58,62.7,AGS,8.77 x 8.84 x 5.52,"$34,693"
Round,1.11,Ideal,E,SI2,58,60.9,AGS,6.68 x 6.70 x 4.08,"$5,111"
Round,4.54,Ideal,F,SI2,56.1,62.7,AGS,10.54 x 10.55 x 6.61,"$58,163"
Round,2.11,V.Good,J,VS1,58,62,AGS,8.22 x 8.24 x 5.10,"$13,945"
Round,1.61,Good,D,SI2,58.6,59.9,AGS,7.54 x 7.59 x 4.54,"$8,065"
Round,3.51,Ideal,H,VS1,58.6,61.7,AGS,9.74 x 9.80 x 6.03,"$59,713"
Round,0.35,Ideal,I,I1,57,2.8,GIA,0 x 0 x 0,$242
Round,0.3,V.Good,J,I1,58,62.4,GIA,4.25 x 4.29 x 2.66,$242
Round,0.21,Ideal,J,VS1,58,60.8,GIA,3.86 x 3.90 x 2.36,$242
Round,0.22,Good,F,SI2,61,62.8,GIA,3.80 x 3.83 x 2.40,$243
Round,0.21,V.Good,E,SI1,57,60,GIA,3.90 x 3.90 x 2.34,$243
Round,0.22,V.Good,I,SI1,56,60.1,GIA,3.93 x 3.93 x 2.36,$243
Princess,0.23,Good,J,I1,80,73,GIA,3.44 x 3.30 x 2.41,$114
Princess,0.23,V.Good,J,I1,80,73,GIA,3.44 x 3.30 x 2.41,$120
Princess,0.2,Good,D,SI1,76,59.9,GIA,3.71 x 3.24 x 1.94,$155
Princess,0.2,Ideal,D,I1,74,72.6,GIA,3.26 x 3.18 x 2.31,$157
Princess,0.26,V.Good,J,VVS2,86,71.9,GIA,3.51 x 3.49 x 2.51,$159
Princess,0.24,Ideal,K,VS2,71,74.7,GIA,3.38 x 3.35 x 2.50,$174
Princess,0.2,V.Good,I,SI1,85,76.2,GIA,3.14 x 3.11 x 2.37,$184
Princess,0.21,Ideal,E,SI1,71,67.6,GIA,3.38 x 3.27 x 2.21,$185
Princess,0.2,V.Good,E,SI2,82,78.5,GIA,3.19 x 3.12 x 2.45,$188
Princess,0.2,V.Good,I,VS1,79,80.7,GIA,3.09 x 3.05 x 2.46,$196
Princess,0.2,V.Good,I,VS1,78,76.8,GIA,3.16 x 3.15 x 2.42,$196
Princess,0.2,Ideal,D,SI2,74,69.9,GIA,3.27 x 3.26 x 2.28,$198
Princess,0.28,V.Good,F,SI2,78,75.9,GIA,3.47 x 3.44 x 2.61,$200
Princess,0.2,Ideal,E,SI2,79,72.4,GIA,3.25 x 3.19 x 2.31,$202
Princess,0.2,Ideal,H,VVS1,73,72.5,GIA,3.20 x 3.20 x 2.32,$202
Princess,0.21,Ideal,F,SI2,74,73.9,GIA,3.23 x 3.22 x 2.38,$203
Princess,0.2,Good,J,VS2,85,78.5,GIA,3.17 x 3.05 x 2.39,$203
Princess,0.2,Ideal,D,SI2,74,74.7,GIA,3.14 x 3.12 x 2.33,$204
Princess,0.2,V.Good,F,SI2,79,79.2,GIA,3.10 x 3.07 x 2.43,$204
Princess,1.03,Ideal,H,SI1,71,72,AGS,5.53 x 5.47 x 3.94,"$4,166"
Princess,1.24,Good,I,VS2,70,77.3,AGS,5.93 x 5.59 x 4.32,"$5,650"
Princess,0.49,V.Good,F,VS2,67,74.6,AGS,4.47 x 4.23 x 3.15,$747
Princess,0.96,Good,G,VS2,72,81.9,AGS,5.27 x 4.86 x 3.98,"$3,026"
Princess,5.01,Ideal,F,SI1,68.6,75,AGS,9.20 x 9.04 x 6.78,"$64,909"
Princess,1.57,Ideal,G,SI2,72,71.4,AGS,6.45 x 6.33 x 4.52,"$7,263"
Princess,1.5,Ideal,H,SI2,71,72.6,AGS,6.24 x 6.20 x 4.50,"$6,406"
Princess,1.58,Good,H,VVS2,61,75.1,AGS,6.38 x 6.38 x 4.79,"$10,504"
Princess,0.71,Good,H,VVS1,68,72.3,AGS,5.02 x 4.96 x 3.59,"$2,565"
Princess,1.03,Good,H,SI1,71,72,AGS,5.53 x 5.47 x 3.94,"$4,167"
Princess,1.51,Good,G,I1,78,74,AGS,6.32 x 6.31 x 4.68,"$5,019"
Princess,1.59,Good,H,I1,70,75.8,AGS,6.57 x 6.12 x 4.64,"$4,553"
Princess,1.43,Good,G,SI2,74,82.2,AGS,5.99 x 5.66 x 4.65,"$5,142"
Princess,1.07,Good,G,SI2,75,81.4,AGS,6.04 x 4.93 x 4.01,"$2,761"
Princess,1.03,Good,G,VVS2,65,72.2,AGS,5.58 x 5.51 x 3.98,"$5,740"
Princess,2.51,Good,G,SI2,63,79.1,AGS,6.99 x 6.98 x 5.52,"$13,529"
Princess,5.01,Good,F,SI1,69,75,AGS,9.20 x 9.04 x 6.78,"$64,602"
Princess,1.5,Good,H,SI2,71,72.6,AGS,6.24 x 6.20 x 4.50,"$6,405"
Princess,1.6,Good,G,SI1,72,75.1,AGS,6.48 x 6.24 x 4.69,"$10,212"
Princess,1.57,Good,G,SI2,72,71.4,AGS,6.45 x 6.33 x 4.52,"$7,307"
Princess,0.96,Good,G,VS2,72,81.9,AGS,5.27 x 4.86 x 3.98,"$3,032"
Princess,0.49,Good,F,VS2,67,74.6,AGS,4.47 x 4.23 x 3.15,$809
Princess,1.22,Good,F,SI2,71,73.1,AGS,5.88 x 5.80 x 4.24,"$5,214"
Princess,5.2,Good,E,VS1,73,78.3,AGS,10.05 x 8.96 x 7.02,"$130,072"
Princess,5.51,Good,G,VS1,73,75.1,AGS,10.24 x 9.54 x 7.16,"$115,832"
Princess,2.5,Good,J,SI1,80,73.5,AGS,7.61 x 7.44 x 5.47,"$11,098"
Princess,1.52,Good,F,SI2,72,71.3,AGS,6.50 x 6.31 x 4.50,"$6,650"
Princess,1.07,Good,H,I1,73,68.7,AGS,5.91 x 5.77 x 3.96,"$2,306"
Princess,4,Good,J,SI1,77,72.1,AGS,8.93 x 8.73 x 6.29,"$29,919"
Princess,1.3,Good,G,SI2,68,77.7,AGS,5.92 x 5.64 x 4.38,"$4,340"
Princess,1.81,Good,I,SI2,66,72.6,AGS,6.61 x 6.59 x 4.79,"$7,868"
Princess,1.03,Good,E,SI2,70,70.4,AGS,,"$4,190"
Princess,1.81,Good,H,VS2,76,71.9,AGS,,"$11,041"
Princess,1.03,Ideal,G,VVS1,68.7,68.4,AGS,5.76 x 5.69 x 3.89,"$7,566"
Princess,1.72,Good,G,SI2,0,0,AGS,6.81 x 4.7 x 6.52,"$10,210"
Princess,1.74,Ideal,I,VS1,69.4,75.6,AGS,6.50 x 6.40 x 4.84,"$11,345"
Princess,2.05,Ideal,G,VS1,69.9,75.5,AGS,6.85 x 6.78 x 5.12,"$26,142"
Princess,1.07,Ideal,G,VS2,70.1,75.1,AGS,5.51 x 5.47 x 4.11,"$6,718"
Princess,1.56,Ideal,I,VS1,69.7,76.3,AGS,6.25 x 6.17 x 4.71,"$9,700"
Princess,2.15,Ideal,G,SI1,71,77.1,AGS,6.95 x 6.82 x 5.26,"$21,481"
Princess,0.22,Ideal,E,VS2,77,68.3,GIA,3.45 x 3.35 x 2.29,$239
Princess,0.32,V.Good,K,VS1,73,69.6,GIA,3.99 x 3.80 x 2.65,$239
Princess,0.21,Good,G,VS1,90,71.1,GIA,3.45 x 3.22 x 2.29,$240
Princess,0.21,V.Good,E,VVS1,75,64.5,GIA,3.36 x 3.36 x 2.17,$240
Princess,0.2,V.Good,F,VS1,82,75.8,GIA,3.21 x 3.18 x 2.41,$241
Princess,0.2,Good,H,VS2,77,78.5,GIA,3.18 x 3.00 x 2.35,$242
Princess,0.31,V.Good,L,VVS1,70,74.5,GIA,3.68 x 3.66 x 2.73,$242
Princess,0.2,Ideal,F,VS1,79,72.9,GIA,3.22 x 3.21 x 2.34,$244
Princess,0.2,Good,F,VS1,85,65.5,GIA,3.49 x 3.39 x 2.22,$244
Princess,0.2,Good,F,VS1,87,72.2,GIA,3.37 x 3.16 x 2.28,$244
Princess,0.2,Good,D,VS2,76,80.3,GIA,3.19 x 2.95 x 2.37,$244
Princess,0.2,V.Good,D,VS2,86,71.3,GIA,3.32 x 3.20 x 2.28,$244
Princess,0.27,Good,E,SI1,81,73.1,GIA,3.67 x 3.52 x 2.57,$244
Princess,0.27,Good,H,SI1,83,73.6,GIA,3.57 x 3.54 x 2.61,$244
Princess,0.3,V.Good,J,SI2,71,73.1,GIA,3.67 x 3.65 x 2.67,$245
Princess,0.37,Good,F,I1,83,74.4,GIA,4.01 x 3.85 x 2.86,$246
Princess,0.27,V.Good,H,SI1,83,73.6,GIA,3.57 x 3.54 x 2.61,$246
Princess,0.27,V.Good,E,SI1,81,73.1,GIA,3.67 x 3.52 x 2.57,$246
Princess,0.68,Good,I,SI2,75,75.5,AGS,4.93 x 4.78 x 3.61,"$1,293"
Princess,0.71,Good,J,SI2,70,78.5,AGS,4.71 x 4.60 x 3.61,"$1,389"
Princess,0.91,Ideal,G,VS1,69.3,77.2,AGS,5.17 x 5.10 x 3.93,"$5,518"
Princess,1.08,Ideal,G,SI1,67.5,75.1,AGS,5.49 x 5.47 x 4.11,"$5,696"
Princess,1.01,Ideal,F,SI2,69.6,67.8,AGS,5.63 x 5.56 x 3.77,"$3,992"
Princess,1.01,V.Good,J,SI2,73.9,79,AGS,5.47 x 5.22 x 4.12,"$2,742"
Princess,1.03,Ideal,H,SI1,71,72,AGS,5.53 x 5.47 x 3.94,$249
Princess,0.2,V.Good,D,VS1,80,74.8,GIA,3.27 x 3.18 x 2.38,$250
Princess,0.21,V.Good,F,VS2,77,74.1,GIA,3.33 x 3.20 x 2.37,$250
Princess,0.2,Ideal,D,VS2,75,71.4,GIA,3.27 x 3.22 x 2.30,$250
Princess,0.21,V.Good,G,VS1,75,77.9,GIA,3.16 x 3.07 x 2.39,$250
Princess,0.3,V.Good,G,I1,56,72.5,GIA,3.88 x 3.79 x 2.75,$250
Princess,0.2,Good,D,VS2,79,80.3,GIA,3.13 x 2.99 x 2.40,$250
Princess,0.25,Good,D,VS2,83,87.3,GIA,3.33 x 3.12 x 2.73,$250
Princess,0.25,Good,H,VS1,80,75,GIA,3.49 x 3.44 x 2.58,$250
Princess,0.25,V.Good,H,VS1,80,75,GIA,3.49 x 3.44 x 2.58,$251
Princess,0.2,V.Good,H,VVS1,79,80.8,GIA,3.04 x 2.97 x 2.40,$252
Princess,0.21,Good,F,VS1,85,72.8,GIA,3.43 x 3.23 x 2.35,$252
Princess,0.2,Good,H,VVS2,76,83.7,GIA,3.13 x 3.01 x 2.52,$252
Princess,0.2,Ideal,H,VS2,75,76.1,GIA,3.12 x 3.09 x 2.35,$252
Princess,0.2,Good,E,VS1,83,77.3,GIA,3.23 x 3.12 x 2.41,$252
Princess,0.2,V.Good,D,VS1,90,66,GIA,3.38 x 3.36 x 2.22,$252
Princess,0.23,Ideal,D,SI2,76,76.2,GIA,3.24 x 3.23 x 2.46,$253
Cushion,0.31,V.Good,L,VS2,57,56.1,GIA,4.90 x 3.73 x 2.09,$182
Cushion,0.2,Ideal,I,VS2,62,67.3,GIA,3.42 x 3.09 x 2.08,$214
Cushion,0.31,Ideal,F,I1,66,64.6,GIA,4.48 x 3.81 x 2.46,$218
Cushion,0.24,Ideal,D,SI2,60,65.8,GIA,3.71 x 3.53 x 2.32,$222
Cushion,0.3,Ideal,I,I1,66,67.7,GIA,3.93 x 3.91 x 2.65,$224
Cushion,0.23,V.Good,H,VS2,62,68.4,GIA,3.91 x 3.36 x 2.30,$231
Cushion,0.2,Ideal,H,VVS2,62,66,GIA,3.74 x 3.15 x 2.08,$233
Cushion,0.36,Ideal,K,SI1,65,61.1,GIA,4.39 x 4.19 x 2.56,$234
Cushion,0.32,V.Good,K,VS2,62,57,GIA,4.28 x 3.98 x 2.27,$234
Cushion,0.24,Ideal,F,SI1,64,68.1,GIA,4.00 x 3.49 x 2.38,$235
Cushion,0.3,V.Good,I,I1,61,66.4,GIA,4.42 x 3.65 x 2.43,$236
Cushion,0.25,Good,E,SI1,65,53,GIA,4.09 x 3.76 x 1.99,$239
Cushion,0.3,Good,J,SI1,63,72.3,GIA,4.27 x 3.58 x 2.59,$240
Cushion,0.32,V.Good,K,SI1,63,59.1,GIA,4.44 x 3.93 x 2.32,$244
Cushion,0.3,V.Good,I,I1,66,63.8,GIA,4.25 x 3.90 x 2.49,$252
Cushion,0.23,V.Good,H,VS2,62,68.4,GIA,3.91 x 3.36 x 2.30,$253
Cushion,0.25,Ideal,G,VS1,66,68.1,GIA,3.77 x 3.71 x 2.53,$254
Cushion,0.23,Good,E,VS1,65,55.7,GIA,4.29 x 3.57 x 1.99,$257
Cushion,0.24,V.Good,F,SI1,64,68.1,GIA,4.00 x 3.49 x 2.38,$258
Cushion,4.5,V.Good,I,VS2,55,69.8,AGS,9.49 x 9.19 x 6.41,"$55,189"
Cushion,0.8,V.Good,I,VS2,59,69.2,AGS,5.44 x 4.96 x 3.43,"$1,715"
Cushion,1.71,Ideal,G,SI2,61,67.6,AGS,6.75 x 6.66 x 4.50,"$7,955"
Cushion,2.04,Ideal,F,SI2,58,65,AGS,8.05 x 6.84 x 4.45,"$11,108"
Cushion,5.17,V.Good,H,VS2,60.5,70.1,AGS,10.06 x 9.73 x 6.82,"$65,003"
Cushion,3.82,Ideal,G,VS1,63,66.4,AGS,9.32 x 8.74 x 5.78,"$58,715"
Cushion,6.01,Good,I,SI2,68,71.8,AGS,10.66 x 9.77 x 7.01,"$49,286"
Cushion,4,Ideal,H,SI2,61,63.7,AGS,9.63 x 8.43 x 5.37,"$28,266"
Cushion,0.8,Good,I,VS2,59,69.2,AGS,5.44 x 4.96 x 3.43,"$1,765"
Cushion,1.71,Good,G,SI2,61,67.6,AGS,6.75 x 6.66 x 4.50,"$7,958"
Cushion,2.04,Good,F,SI2,58,65,AGS,8.05 x 6.84 x 4.45,"$11,216"
Cushion,3.01,Good,H,SI2,70,66,AGS,8.73 x 8.02 x 5.32,"$16,933"
Cushion,5.17,Good,H,VS2,61,70.1,AGS,10.06 x 9.73 x 6.82,"$66,072"
Cushion,3.02,Good,H,SI2,74,69,AGS,8.30 x 8.15 x 5.63,"$16,140"
Cushion,2.28,Good,J,SI2,61,68.2,AGS,7.60 x 7.55 x 5.15,"$11,427"
Cushion,2.05,Good,H,SI1,59,68.5,AGS,7.45 x 7.15 x 4.90,"$13,839"
Cushion,4,Good,H,SI2,61,63.7,AGS,9.63 x 8.43 x 5.37,"$28,564"
Cushion,4.19,Good,G,VS2,61,69.8,AGS,9.15 x 8.63 x 6.02,"$48,432"
Cushion,2.04,Good,G,SI2,62,68.6,AGS,7.44 x 6.75 x 4.63,"$10,287"
Cushion,2.83,Good,H,SI2,61.3,66.2,AGS,8.23 x 8.23 x 5.45,"$19,295"
Cushion,5.12,Good,H,VS2,67.2,72,AGS,9.88 x 9.61 x 6.92,"$84,883"
Cushion,6.01,Good,F,I1,68.6,62.7,AGS,10.8 x 10.62 x 6.66,"$66,338"
Cushion,3.25,Good,K,VS2,61.9,70.9,AGS,8.71 x 7.73 x 5.48,"$21,374"
Cushion,2.63,Good,E,SI2,67.9,62.8,AGS,8.46 x 7.72 x 4.85,"$18,595"
Cushion,2.05,Ideal,H,SI1,59.3,68.5,AGS,7.45 x 7.15 x 4.90,"$14,601"
Cushion,1.12,Good,G,I1,70.1,54.9,AGS,6.52 x 6.35 x 3.49,"$2,886"
Cushion,1.41,Good,F,SI2,69.3,62.2,AGS,6.81 x 6.5 x 4.04,"$6,817"
Cushion,3.41,Good,G,SI2,65.5,70.9,AGS,9.04 x 7.94 x 5.63,"$27,193"
Cushion,1.02,Good,J,SI1,60.1,68.9,AGS,5.57 x 5.56 x 3.83,"$3,008"
Cushion,0.41,Ideal,K,VS2,63,68.5,GIA,4.48 x 4.26 x 2.92,$323
Cushion,0.23,V.Good,E,VS1,61,68.7,GIA,3.93 x 3.27 x 2.25,$326
Cushion,0.31,Ideal,H,VS2,64,63.5,GIA,4.23 x 3.85 x 2.44,$329
Cushion,0.27,Ideal,G,VVS2,64,64.7,GIA,4.08 x 3.62 x 2.34,$329
Cushion,0.23,V.Good,D,VVS1,63,56.2,GIA,3.77 x 3.63 x 2.04,$330
Cushion,0.4,Good,H,I1,61,68.9,GIA,4.63 x 4.07 x 2.80,$336
Cushion,0.23,Ideal,E,VVS2,65,68,GIA,3.79 x 3.37 x 2.29,$338
Cushion,0.23,Ideal,E,VVS1,64,67.8,GIA,3.89 x 3.40 x 2.30,$338
Cushion,0.3,V.Good,I,SI1,67,66.4,GIA,4.01 x 3.92 x 2.60,$340
Cushion,0.4,Ideal,K,VS1,65,68.6,GIA,4.28 x 4.08 x 2.80,$343
Cushion,0.25,Ideal,F,VS2,62,61.6,GIA,3.92 x 3.44 x 2.12,$345
Cushion,1.71,Good,E,SI2,61,68.6,AGS,6.8 x 6.26 x 4.3,"$10,975"
Cushion,1.82,Good,G,SI2,62,68.7,AGS,7.22 x 6.64 x 4.56,"$10,823"
Cushion,1.82,Good,G,SI2,74.1,69.2,AGS,7.1 x 6.9 x 4.77,"$10,973"
Cushion,2,Good,G,SI2,72.9,64.9,AGS,7.47 x 7.12 x 4.62,"$12,551"
Cushion,2,Good,H,SI2,61.5,68.6,AGS,7.52 x 6.91 x 4.74,"$12,212"
Cushion,2.01,Good,E,SI2,61.5,69,AGS,7.09 x 6.89 x 4.76,"$13,826"
Cushion,2.02,Good,I,VS2,58.5,71.9,AGS,6.93 x 6.92 x 4.98,"$12,954"
Cushion,2.04,Good,H,SI2,60,66.1,AGS,7.42 x 7.01 x 4.63,"$12,232"
Cushion,2.07,Good,F,VS2,65.7,69.5,AGS,7.31 x 7.08 x 4.92,"$21,454"
Cushion,2.21,Good,G,SI2,62.5,67,AGS,7.32 x 7.23 x 4.84,"$14,777"
Cushion,2.54,Good,E,SI2,61.8,64.6,AGS,7.72 x 7.6 x 4.91,"$19,907"
Cushion,3.01,Good,H,SI1,72.1,70.2,AGS,8.28 x 7.99 x 5.61,"$32,086"
Cushion,3.01,Good,H,SI2,63.1,70,AGS,8.01 x 7.87 x 5.51,"$25,900"
Cushion,3.01,Good,I,SI1,56.8,70.4,AGS,7.96 x 7.75 x 5.45,"$27,714"
Cushion,4.04,Good,E,SI2,59.9,68.4,AGS,9.7 x 8.62 x 5.9,"$48,867"
Cushion,5.03,Good,J,SI1,58.6,69,AGS,9.98 x 9.22 x 6.36,"$53,453"
Cushion,5.15,Good,D,SI2,67.6,65.4,AGS,10.11 x 9.52 x 6.23,"$72,397"
Cushion,3.19,Ideal,H,SI1,56.1,69,AGS,8.59 x 8.47 x 5.84,"$31,671"
Cushion,0.83,Ideal,F,VS2,59.6,58.6,AGS,6.34 x 5.49 x 3.71,"$4,195"
Cushion,0.85,Ideal,F,VS2,61.9,57.8,AGS,6.45 x 5.51 x 3.73,"$4,294"
Cushion,0.34,Ideal,H,VVS2,63,67.8,GIA,4.06 x 4.06 x 2.75,$379
Cushion,0.41,Ideal,J,SI1,64,65.4,GIA,4.42 x 4.24 x 2.77,$382
Cushion,0.26,Ideal,E,VVS1,63,66.1,GIA,4.08 x 3.67 x 2.43,$382
Cushion,0.32,Ideal,H,VVS1,66,60.4,GIA,4.28 x 4.14 x 2.50,$384
Cushion,0.41,Good,K,SI1,71,64.8,GIA,4.65 x 3.89 x 2.52,$387
Cushion,0.4,Ideal,F,I1,59,64.2,GIA,4.75 x 4.09 x 2.63,$389
Cushion,0.21,V.Good,D,VVS2,63,68.5,GIA,3.83 x 3.14 x 2.15,$390
Cushion,0.26,Ideal,G,VVS2,66,66.2,GIA,3.88 x 3.59 x 2.38,$392
Cushion,0.23,Ideal,F,VVS2,62,65.2,GIA,3.70 x 3.51 x 2.29,$394
Cushion,0.2,Ideal,I,VS2,62,67.3,GIA,3.42 x 3.09 x 2.08,$395
Cushion,0.23,Good,E,VS1,61,68.7,GIA,3.93 x 3.27 x 2.25,$395
Cushion,0.26,V.Good,G,VVS2,57,68.2,GIA,4.01 x 3.46 x 2.36,$397
Cushion,0.34,Ideal,E,SI1,59,65.8,GIA,4.76 x 4.00 x 2.63,$397
Cushion,0.27,Ideal,F,IF,65,68,GIA,4.03 x 3.59 x 2.44,$397
Cushion,0.24,V.Good,F,VVS2,59,66.3,GIA,3.82 x 3.81 x 2.53,$398
Cushion,0.4,V.Good,J,SI2,61,66.9,GIA,4.36 x 4.17 x 2.79,$398
Cushion,0.31,Good,G,VVS2,66,67.8,GIA,4.06 x 3.83 x 2.60,$399
Cushion,0.4,V.Good,F,I1,57,68.5,GIA,4.54 x 4.12 x 2.82,$399
Cushion,0.32,Good,G,VVS1,63,53.4,GIA,4.55 x 4.07 x 2.17,$401
Cushion,0.32,Ideal,G,VVS1,65,68.4,GIA,4.23 x 3.84 x 2.63,$401
Cushion,0.35,Ideal,H,VVS1,63,62.6,GIA,4.33 x 4.15 x 2.60,$401
Pear,0.2,Ideal,I,I1,56,64,GIA,5.05 x 3.24 x 2.07,$122
Pear,0.2,Good,F,I1,63,54.8,GIA,4.94 x 3.52 x 1.93,$152
Pear,0.28,V.Good,J,I1,57,66.9,GIA,5.21 x 3.56 x 2.38,$158
Pear,0.22,V.Good,F,I1,58,67,GIA,5.10 x 3.26 x 2.19,$166
Pear,0.22,Ideal,D,I1,62,61.9,GIA,5.19 x 3.41 x 2.11,$171
Pear,0.22,V.Good,D,I1,58,56.1,GIA,5.62 x 3.42 x 1.92,$171
Pear,1.33,Good,I,SI2,55.7,67.3,AGS,8.79 x 6.09 x 4.1,"$4,455"
Pear,1.51,Good,F,SI2,49.8,55.5,AGS,9.91 x 6.43 x 3.57,"$8,599"
Pear,1.85,Good,E,SI2,51.8,51.7,AGS,11.39 x 7.21 x 3.73,"$12,634"
Pear,2.83,V.Good,G,SI1,66,54.9,AGS,11.77 x 8.31 x 4.56,"$23,619"
Pear,3.06,V.Good,D,SI2,71,51,AGS,11.95 x 8.75 x 8.75,"$21,610"
Pear,1.03,V.Good,G,I1,58.7,62.9,AGS,8.68 x 5.58 x 3.51,"$2,165"
Pear,2.78,V.Good,J,SI2,61.9,64.5,AGS,11.73 x 7.86 x 5.07,"$12,716"
Pear,4.01,V.Good,L,SI2,56,57.6,AGS,14.65 x 8.97 x 5.17,"$18,986"
Pear,1.5,V.Good,F,SI2,59,61.2,AGS,10.35 x 6.50 x 3.98,"$8,174"
Pear,3.09,V.Good,G,VS2,59.6,61,AGS,12.59 x 8.28 x 5.05,"$42,122"
Pear,3.86,V.Good,G,SI2,62,63.6,AGS,12.56 x 8.80 x 5.60,"$20,651"
Pear,4.44,V.Good,F,SI1,64,61.1,AGS,14.34 x 9.22 x 5.63,"$48,173"
Pear,4.78,Ideal,F,SI2,59.6,57.6,AGS,14.9 x 9.84 x 5.67,"$55,910"
Pear,2.15,Ideal,G,SI2,53.5,60.8,AGS,11.4 x 6.96 x 4.23,"$12,400"
Pear,1.78,Ideal,G,SI2,60.5,61.6,AGS,10.08 x 6.95 x 4.28,"$9,590"
Pear,4.07,Ideal,G,SI2,58.7,60,AGS,13.24 x 9.05 x 5.43,"$38,670"
Pear,0.54,Good,H,SI2,58,50,AGS,8.47 x 4.66 x 2.33,$737
Pear,0.89,Good,E,SI2,55,54.4,AGS,9.00 x 5.44 x 2.96,"$2,290"
Pear,1,Good,G,SI2,60,70.6,AGS,8.36 x 5.27 x 3.72,"$2,809"
Pear,1.01,Good,F,SI2,59,46.2,AGS,9.72 x 6.04 x 2.79,"$3,606"
Pear,4.28,V.Good,H,SI2,53,66.3,AGS,14.50 x 8.85 x 5.87,"$43,592"
Pear,4.5,Good,H,SI2,58,54.2,AGS,14.37 x 9.47 x 5.13,"$41,108"
Pear,4.78,Good,F,SI2,60,57.6,AGS,14.90 x 9.84 x 5.67,"$55,711"
Pear,5,V.Good,J,SI1,53,62.9,AGS,14.69 x 9.38 x 5.90,"$65,494"
Pear,5.04,Good,I,SI2,55,68.1,AGS,14.80 x 9.31 x 6.34,"$57,551"
Pear,5.31,Good,E,SI2,55,58.6,AGS,15.27 x 9.77 x 5.73,"$83,493"
Pear,6.02,Good,H,VS2,56,51,AGS,16.09 x 10.67 x 5.44,"$144,435"
Pear,8.05,V.Good,H,SI2,53,67.8,AGS,17.24 x 10.44 x 7.08,"$118,969"
Pear,0.89,V.Good,D,SI1,62,65.6,AGSL,7.53 x 5.31 x 3.52,"$3,139"
Pear,0.3,Good,J,VS2,56,56.8,GIA,5.80 x 3.83 x 2.17,$273
Pear,0.32,V.Good,J,SI1,60,64,GIA,6.00 x 3.62 x 2.32,$284
Pear,0.24,V.Good,D,SI1,55,64,GIA,5.46 x 3.36 x 2.15,$288
Pear,0.3,V.Good,J,VS2,52,62.3,GIA,5.70 x 3.78 x 2.36,$289
Pear,0.3,V.Good,G,SI1,61,57.7,GIA,5.48 x 3.97 x 2.29,$293
Pear,0.27,V.Good,F,SI1,56,64.4,GIA,5.36 x 3.52 x 2.27,$293
Pear,0.24,V.Good,E,SI1,58,60.9,GIA,5.16 x 3.58 x 2.18,$312
Pear,0.33,Good,J,VVS2,66,57.4,GIA,6.23 x 3.94 x 2.26,$314
Pear,0.3,Good,I,SI1,60,55.9,GIA,5.83 x 3.79 x 2.12,$319
Pear,0.25,Good,D,SI1,65,66.4,GIA,5.34 x 3.48 x 2.31,$325
Pear,0.37,V.Good,J,SI1,58,65.5,GIA,6.47 x 3.93 x 2.58,$328
Pear,1.02,Good,D,SI2,62,51.3,AGS,9.52 x 5.93 x 3.04,"$3,963"
Pear,1.33,Good,I,SI2,56,67.3,AGS,8.79 x 6.09 x 4.10,"$3,980"
Pear,1.51,Good,F,SI2,50,55.5,AGS,9.91 x 6.43 x 3.57,"$7,690"
Pear,1.72,V.Good,F,SI2,63,63.5,AGS,9.89 x 6.66 x 4.23,"$8,714"
Pear,1.72,Good,H,SI2,59,56.5,AGS,10.55 x 6.74 x 3.81,"$7,811"
Pear,1.78,Ideal,G,SI2,60,61.6,AGS,10.08 x 6.95 x 4.28,"$9,065"
Pear,1.82,Good,H,SI2,63,59.6,AGS,10.45 x 7.16 x 4.27,"$8,791"
Pear,1.85,V.Good,E,SI2,52,51.7,AGS,11.39 x 7.21 x 3.73,"$11,412"
Pear,2.01,Good,E,SI2,56,50.7,AGS,11.53 x 7.47 x 3.79,"$12,452"
Pear,2.01,Good,G,SI2,58,63.4,AGS,11.30 x 6.78 x 4.30,"$10,922"
Pear,2.02,Good,E,SI2,57,63.1,AGS,10.14 x 7.37 x 4.65,"$9,545"
Pear,2.15,V.Good,G,SI2,54,60.8,AGS,11.40 x 6.96 x 4.23,"$11,965"
Pear,2.83,Good,G,SI1,66,54.9,AGS,11.77 x 8.31 x 4.56,"$23,178"
Pear,3.01,Good,E,SI2,56,49.7,AGS,12.95 x 8.31 x 4.13,"$25,363"
Pear,3.01,Good,D,SI1,50,60.9,AGS,12.32 x 7.98 x 4.86,"$45,274"
Pear,3.05,Good,F,SI2,61,44.3,AGS,14.49 x 8.75 x 3.88,"$24,579"
Pear,3.07,Good,H,SI2,54,56.4,AGS,12.34 x 8.19 x 4.62,"$22,726"
Pear,3.09,Ideal,G,VS2,60,61,AGS,12.59 x 8.28 x 5.05,"$41,335"
Pear,4.07,Ideal,G,SI2,59,60,AGS,13.24 x 9.05 x 5.43,"$38,462"
Pear,4.1,Good,F,SI2,56,64.4,AGS,14.18 x 8.90 x 5.73,"$51,122"
Pear,1.5,V.Good,D,VS2,0,65.9,GIA,9.72 x 6.30 x 4.15,"$11,951"
Pear,1.01,V.Good,G,VS2,0,0,GIA,8.56 x 5.62 x 3.49,"$5,279"
Pear,0.72,V.Good,E,SI2,0,0,GIA,7.38 x 5.12 x 2.94,"$1,980"
Pear,0.9,V.Good,D,SI1,0,0,GIA,8.16 x 5.40 x 3.50,"$3,533"
Pear,1.02,V.Good,F,SI1,0,0,GIA,8.06 x 5.55 x 3.69,"$3,662"
Pear,0.96,V.Good,E,SI1,0,0,GIA,8.26 x 5.67 x 3.52,"$3,853"
Pear,0.84,V.Good,G,I2,0,0,GIA,7.89 x 5.80 x 3.04,"$1,144"
Pear,1,V.Good,I,VS1,0,0,GIA,8.50 x 5.85 x 3.37,"$4,132"
Pear,0.8,V.Good,G,SI2,0,0,GIA,7.61 x 5.18 x 3.31,"$2,163"
Pear,1.01,V.Good,E,VS1,0,0,GIA,8.47 x 5.72 x 3.62,"$5,987"
Pear,1.51,V.Good,G,SI1,0,0,GIA,10.02 x 6.31 x 4.14,"$8,455"
Pear,3.41,V.Good,I,SI1,0,0,GIA,13.17 x 8.23 x 5.27,"$33,914"
Pear,1.01,V.Good,E,SI1,0,0,GIA,8.09 x 5.31 x 3.67,"$4,494"
Pear,2.04,V.Good,E,SI1,0,0,GIA,10.01 x 6.87 x 4.72,"$14,553"
Pear,0.71,V.Good,E,SI2,0,0,GIA,7.60 x 5.03 x 3.06,"$1,750"
Pear,0.91,V.Good,H,VS1,0,0,GIA,7.41 x 7.26 x 3.69,"$2,946"
Pear,0.51,V.Good,F,VS1,0,0,GIA,6.93 x 4.33 x 2.89,"$1,010"
Pear,0.7,V.Good,F,VS2,0,0,GIA,6.88 x 5.09 x 3.40,"$2,811"
Pear,0.41,V.Good,D,SI1,0,0,GIA,6.51 x 4.14 x 2.59,$814
Pear,0.42,V.Good,G,SI1,0,0,GIA,6.16 x 3.98 x 2.84,$781
Pear,4.17,V.Good,D,IF,0,0,GIA,14.54 x 9.41 x 5.18,"$74,068"
Pear,3.41,V.Good,H,SI1,0,0,GIA,12.66 x 8.55 x 5.40,"$30,831"
Pear,1,V.Good,G,VS2,0,0,GIA,8.30 x 5.60 x 3.62,"$4,172"
Pear,1.2,V.Good,F,SI1,0,0,GIA,9.59 x 6.12 x 3.52,"$5,213"
Pear,0.71,V.Good,F,VS2,0,56,GIA,7.70 x 5.00 x 3.10,"$2,274"
Pear,0.91,V.Good,D,SI2,0,0,GIA,8.09 x 5.24 x 3.42,"$2,753"
Pear,0.92,V.Good,F,VS2,0,0,GIA,8.65 x 5.17 x 3.39,"$3,755"
Pear,0.3,V.Good,E,SI1,0,0,GIA,6.05 x 3.87 x 2.22,$585
Pear,0.4,V.Good,G,VS1,0,0,GIA,6.45 x 4.21 x 2.46,"$1,283"
Pear,0.32,V.Good,F,SI1,0,0,GIA,6.35 x 3.95 x 2.27,$611
Pear,0.3,V.Good,E,SI2,0,0,GIA,5.46 x 3.75 x 2.40,$571
Pear,0.3,V.Good,F,SI2,0,0,GIA,6.06 x 3.76 x 2.26,$730
Pear,0.5,V.Good,H,SI2,0,0,GIA,6.60 x 4.49 x 2.72,$993
Pear,0.7,V.Good,G,SI2,0,0,GIA,7.98 x 4.92 x 2.95,"$1,773"
Marquise,0.7,V.Good,G,SI1,0,0,GIA,9.01 x 4.72 x 2.81,"$2,219"
Marquise,1.01,V.Good,G,VS2,0,0,GIA,9.38 x 4.86 x 3.45,"$3,658"
Marquise,2.19,V.Good,H,VVS1,5,56.5,GIA,14.09 x 6.66 x 3.76,"$20,388"
Marquise,2.19,Good,H,VVS1,5,56.5,GIA,14.09 x 6.66 x 3.76,"$20,510"
Marquise,2.19,V.Good,H,VVS1,5,56.5,GIA,14.09 x 6.66 x 3.76,"$21,455"
Marquise,0.52,V.Good,H,VVS1,22,68.1,GIA,7.13 x 4.20 x 2.86,"$1,036"
Marquise,0.7,Good,G,VS1,37,61.2,GIA,10.40 x 4.48 x 2.74,"$2,000"
Marquise,0.7,V.Good,G,VS1,37,61.2,GIA,10.40 x 4.48 x 2.74,"$2,037"
Marquise,1,Good,F,SI1,43,68.8,GIA,10.23 x 4.79 x 3.30,"$3,411"
Marquise,1,Good,F,SI1,43,68.8,GIA,10.23 x 4.79 x 3.30,"$3,462"
Marquise,1,V.Good,F,SI1,43,68.8,GIA,10.23 x 4.79 x 3.30,"$3,590"
Marquise,0.59,Ideal,J,VVS2,44,62.3,GIA,8.82 x 4.23 x 2.63,$943
Marquise,0.7,Ideal,D,VS2,44,64.1,GIA,8.68 x 4.57 x 2.93,"$2,137"
Marquise,0.94,Good,J,SI2,44,74.7,GIA,9.98 x 4.67 x 3.49,"$1,578"
Marquise,0.7,V.Good,I,VS2,44,64.5,GIA,9.60 x 4.39 x 2.83,"$1,073"
Marquise,0.58,Good,E,SI1,44,70,GIA,8.03 x 4.40 x 3.08,"$1,106"
Marquise,1.01,Good,F,SI2,44,71.6,GIA,9.68 x 4.83 x 3.46,"$3,029"
Marquise,0.23,Good,D,SI2,44,72.2,GIA,5.84 x 3.08 x 2.23,$221
Marquise,0.23,V.Good,E,SI2,44,65.4,GIA,6.40 x 3.06 x 2.00,$213
Marquise,0.94,Good,J,SI2,44,74.7,GIA,9.98 x 4.67 x 3.49,"$1,620"
Marquise,0.7,Good,D,VS2,44,64.1,GIA,8.68 x 4.57 x 2.93,"$2,199"
Marquise,1.01,Good,F,SI2,44,71.6,GIA,9.68 x 4.83 x 3.46,"$2,981"
Marquise,0.58,Good,E,SI1,44,70,GIA,8.03 x 4.40 x 3.08,"$1,197"
Marquise,0.59,Good,J,VVS2,44,62.3,GIA,8.82 x 4.23 x 2.63,$974
Marquise,0.58,V.Good,E,SI1,44,70,GIA,8.03 x 4.40 x 3.08,"$1,164"
Marquise,0.59,V.Good,J,VVS2,44,62.3,GIA,8.82 x 4.23 x 2.63,$947
Marquise,0.7,V.Good,D,VS2,44,64.1,GIA,8.68 x 4.57 x 2.93,"$2,240"
Marquise,0.7,V.Good,I,VS2,44,64.5,GIA,9.60 x 4.39 x 2.83,"$1,246"
Marquise,0.7,V.Good,G,VS1,44,60.3,GIA,9.35 x 4.63 x 2.79,"$1,965"
Marquise,1.01,V.Good,F,SI2,44,71.6,GIA,9.68 x 4.83 x 3.46,"$3,091"
Marquise,0.3,Good,E,VS2,44,70.7,GIA,5.91 x 3.41 x 2.41,$331
Marquise,0.58,Good,E,SI1,44,70,GIA,8.03 x 4.40 x 3.08,"$1,142"
Marquise,0.7,Good,D,VS2,44,64.1,GIA,8.68 x 4.57 x 2.93,"$2,198"
Marquise,0.7,Good,G,VS1,44,60.3,GIA,9.35 x 4.63 x 2.79,"$1,929"
Marquise,0.94,Good,J,SI2,44,74.7,GIA,9.98 x 4.67 x 3.49,"$1,620"
Marquise,2,Ideal,E,VVS2,45,62.6,GIA,13.23 x 6.52 x 4.08,"$31,845"
Marquise,0.33,Good,D,SI2,45,70,GIA,6.76 x 3.51 x 2.46,$298
Marquise,1.73,Good,E,SI1,45,61.6,GIA,14.30 x 5.63 x 3.47,"$11,172"
Marquise,0.23,Good,F,SI2,45,71.6,GIA,5.90 x 3.11 x 2.23,$216
Marquise,2,Good,E,VVS2,45,62.6,GIA,13.23 x 6.52 x 4.08,"$32,036"
Marquise,1.73,Good,E,SI1,45,61.6,GIA,14.30 x 5.63 x 3.47,"$12,639"
Marquise,1.73,Good,E,SI1,45,61.6,GIA,14.30 x 5.63 x 3.47,"$11,238"
Marquise,1.02,Good,F,VS2,45,54.3,GIA,10.00 x 5.60 x 3.04,"$5,369"
Marquise,2,Good,D,VVS1,45,65.5,GIA,14.32 x 6.12 x 4.01,"$29,199"
Marquise,1.73,Ideal,E,SI1,45,61.6,GIA,14.3 x 5.63 x 3.47,"$12,869"
Marquise,1.02,V.Good,F,VS2,45,54.3,GIA,10.00 x 5.60 x 3.04,"$5,566"
Marquise,2,V.Good,E,VVS2,45,62.6,GIA,13.23 x 6.52 x 4.08,"$33,512"
Marquise,1.73,V.Good,E,SI1,45,61.6,GIA,14.30 x 5.63 x 3.47,"$11,756"
Marquise,2,V.Good,D,VVS1,45,65.5,GIA,14.32 x 6.12 x 4.01,"$27,767"
Marquise,1.02,Good,F,VS2,45,54.3,GIA,10.00 x 5.60 x 3.04,"$5,462"
Marquise,1.73,Good,E,SI1,45,61.6,GIA,14.30 x 5.63 x 3.47,"$11,537"
Marquise,1.73,Ideal,E,SI1,45,61.6,GIA,14.30 x 5.63 x 3.47,"$13,066"
Marquise,2.01,Good,E,SI1,45,60.5,GIA,13.76 x 6.45 x 3.90,"$18,083"
Marquise,0.51,Good,E,VS2,46,70,GIA,7.67 x 4.16 x 2.91,"$1,216"
Marquise,0.42,V.Good,E,VS2,46,57.2,GIA,8.11 x 4.14 x 2.37,$868
Marquise,1.64,V.Good,D,SI1,46,66.5,GIA,12.11 x 6.24 x 4.15,"$12,615"
Marquise,2,Good,D,SI1,46,64.8,GIA,12.99 x 6.54 x 4.24,"$17,614"
Marquise,0.53,Good,H,SI2,46,73.4,GIA,6.86 x 4.28 x 3.14,$537
Marquise,0.7,Good,E,SI1,46,52.8,GIA,9.82 x 4.77 x 2.52,"$1,904"
Marquise,0.51,Good,E,VS2,46,70,GIA,7.67 x 4.16 x 2.91,"$1,221"
Marquise,1.64,Good,D,SI1,46,66.5,GIA,12.11 x 6.24 x 4.15,"$12,690"
Marquise,2,V.Good,D,SI1,46,64.8,GIA,12.99 x 6.54 x 4.24,"$18,425"
Marquise,0.7,V.Good,F,VS1,46,74.6,GIA,9.69 x 4.12 x 3.08,"$2,559"
Marquise,0.42,V.Good,E,VS2,46,57.2,GIA,8.11 x 4.14 x 2.37,$775
Marquise,0.51,V.Good,E,VS2,46,70,GIA,7.67 x 4.16 x 2.91,"$1,187"
Marquise,0.51,V.Good,D,SI2,46,64.4,GIA,7.48 x 4.25 x 2.74,$947
Marquise,0.48,V.Good,D,SI2,46,58.6,GIA,7.95 x 4.26 x 2.50,"$1,106"
Marquise,0.7,V.Good,E,SI1,46,52.8,GIA,9.82 x 4.77 x 2.52,"$1,940"
Marquise,1,V.Good,J,VS2,46,52,GIA,10.75 x 5.48 x 2.85,"$2,247"
Marquise,0.53,Good,H,SI2,46,73.4,GIA,6.86 x 4.28 x 3.14,$513
Marquise,0.7,Good,F,VS1,46,74.6,GIA,9.69 x 4.12 x 3.08,"$2,315"
Marquise,0.7,Good,E,VS2,46,60.1,GIA,8.66 x 4.76 x 2.86,"$2,381"
Marquise,1.01,Good,D,IF,46,67.9,GIA,10.44 x 4.99 x 3.39,"$8,198"
Marquise,1.13,Good,L,SI2,46,67.4,GIA,10.49 x 5.27 x 3.55,"$2,076"
Marquise,1.64,Good,D,SI1,46,66.5,GIA,12.11 x 6.24 x 4.15,"$13,806"
Marquise,1.03,Good,E,SI2,47,69.5,GIA,9.60 x 5.22 x 3.63,"$3,497"
Marquise,1.03,Good,D,SI1,47,70,GIA,9.72 x 5.10 x 3.57,"$4,279"
Marquise,0.54,Ideal,J,VS1,47,60.2,GIA,8.15 x 4.46 x 2.69,$633
Marquise,1.1,Good,I,VS1,47,64.1,GIA,12.52 x 4.96 x 3.18,"$3,691"
Marquise,0.71,Good,K,SI2,47,73,GIA,8.32 x 4.70 x 3.43,$751
Marquise,1.64,Good,D,SI1,46,66.5,GIA,12.11 x 6.24 x 4.15,"$12,690"
Marquise,2,V.Good,D,SI1,46,64.8,GIA,12.99 x 6.54 x 4.24,"$18,425"
Marquise,0.7,V.Good,F,VS1,46,74.6,GIA,9.69 x 4.12 x 3.08,"$2,559"
Marquise,0.42,V.Good,E,VS2,46,57.2,GIA,8.11 x 4.14 x 2.37,$775
Marquise,0.51,V.Good,E,VS2,46,70,GIA,7.67 x 4.16 x 2.91,"$1,187"
Marquise,0.51,V.Good,D,SI2,46,64.4,GIA,7.48 x 4.25 x 2.74,$947
Marquise,0.48,V.Good,D,SI2,46,58.6,GIA,7.95 x 4.26 x 2.50,"$1,106"
Marquise,0.7,V.Good,E,SI1,46,52.8,GIA,9.82 x 4.77 x 2.52,"$1,940"
Marquise,1,V.Good,J,VS2,46,52,GIA,10.75 x 5.48 x 2.85,"$2,247"
Marquise,0.53,Good,H,SI2,46,73.4,GIA,6.86 x 4.28 x 3.14,$513
Marquise,0.7,Good,F,VS1,46,74.6,GIA,9.69 x 4.12 x 3.08,"$2,315"
Marquise,0.7,Good,E,VS2,46,60.1,GIA,8.66 x 4.76 x 2.86,"$2,381"
Marquise,1.01,Good,D,IF,46,67.9,GIA,10.44 x 4.99 x 3.39,"$8,198"
Marquise,1.13,Good,L,SI2,46,67.4,GIA,10.49 x 5.27 x 3.55,"$2,076"
Marquise,1.64,Good,D,SI1,46,66.5,GIA,12.11 x 6.24 x 4.15,"$13,806"
Marquise,1.03,Good,E,SI2,47,69.5,GIA,9.60 x 5.22 x 3.63,"$3,497"
Marquise,1.03,Good,D,SI1,47,70,GIA,9.72 x 5.10 x 3.57,"$4,279"
Marquise,0.54,Ideal,J,VS1,47,60.2,GIA,8.15 x 4.46 x 2.69,$633
Marquise,1.1,Good,I,VS1,47,64.1,GIA,12.52 x 4.96 x 3.18,"$3,691"
Marquise,0.71,Good,K,SI2,47,73,GIA,8.32 x 4.70 x 3.43,$751
Emerald,0.9,V.Good,G,VS2,0,0,GIA,6.26 x 4.55 x 3.21,"$2,999"
Emerald,1.01,V.Good,E,VS2,0,0,GIA,6.42 x 4.94 x 3.37,"$4,113"
Emerald,1,V.Good,E,VS2,0,0,GIA,6.48 x 4.61 x 3.30,"$3,999"
Emerald,6.01,V.Good,E,VS2,0,0,GIA,12.58 x 8.98 x 5.93,"$184,118"
Emerald,2.02,V.Good,J,VVS1,0,0,GIA,8.69 x 6.14 x 3.97,"$11,970"
Emerald,0.97,V.Good,F,VS2,0,0,GIA,6.31 x 4.76 x 3.26,"$3,611"
Emerald,0.92,V.Good,H,VS1,0,0,GIA,6.58 x 4.49 x 2.89,"$3,115"
Emerald,3.5,V.Good,K,VS1,0,0,GIA,10.18 x 7.47 x 5.06,"$25,966"
Emerald,3.05,V.Good,L,VS1,0,0,GIA,9.10 x 6.98 x 5.17,"$14,586"
Emerald,4.01,V.Good,F,VS1,0,64.4,GIA,9.68 x 8.64 x 5.56,"$94,824"
Emerald,1,V.Good,D,VVS1,0,0,GIA,6.74 x 4.82 x 3.12,"$12,933"
Emerald,2.52,Ideal,G,SI1,0,0,GIA,0 x 0 x 0,"$23,100"
Emerald,2,Ideal,E,VS1,0,0,GIA,7.81 x 5.94 x 4.19,"$19,820"
Emerald,1.22,Ideal,H,SI1,0,0,GIA,7.28 x 4.99 x 3.24,"$5,380"
Emerald,1.62,Good,H,VS1,0.7,66.1,GIA,0 x 0 x 0,"$10,330"
Emerald,1,V.Good,F,VS2,46,81.5,GIA,6.55 x 4.38 x 3.57,"$3,765"
Emerald,0.95,Good,I,VS1,48,83.3,GIA,6.16 x 4.26 x 3.55,"$2,834"
Emerald,0.95,V.Good,I,VS1,48,83.3,GIA,6.16 x 4.26 x 3.55,"$2,932"
Emerald,2.01,V.Good,J,SI1,48,73.4,GIA,8.03 x 5.79 x 4.25,"$7,601"
Emerald,0.9,Ideal,E,SI1,49,62.3,GIA,6.35 x 4.75 x 2.96,"$2,939"
Emerald,0.9,V.Good,E,SI1,49,62.3,GIA,6.35 x 4.75 x 2.96,"$2,905"
Emerald,1.01,V.Good,D,SI2,49,65.5,GIA,6.76 x 4.78 x 3.13,"$3,226"
Emerald,0.84,V.Good,G,VS1,49,75.9,GIA,5.40 x 4.89 x 3.71,"$1,916"
Emerald,1.2,Ideal,E,VVS2,50,68.7,GIA,6.99 x 5.18 x 3.56,"$7,345"
Emerald,1.09,Good,E,SI1,50,75.7,GIA,6.99 x 4.61 x 3.49,"$4,181"
Emerald,2.28,Good,I,VS1,50,71.1,GIA,7.85 x 6.67 x 4.74,"$14,711"
Emerald,1.01,V.Good,F,VVS1,50,63.3,GIA,6.15 x 4.92 x 3.56,"$6,163"
Emerald,1.09,V.Good,E,SI1,50,75.7,GIA,6.99 x 4.61 x 3.49,"$4,335"
Emerald,0.9,V.Good,D,VS2,50,70.5,GIA,6.43 x 4.59 x 3.24,"$2,825"
Emerald,1.51,V.Good,I,VS2,50,68.8,GIA,7.57 x 5.58 x 3.84,"$6,593"
Emerald,2.28,V.Good,I,VS1,50,71.1,GIA,7.85 x 6.67 x 4.74,"$15,389"
Emerald,1.01,Ideal,F,VVS1,50,63.3,GIA,6.15 x 4.92 x 3.56,"$6,420"
Emerald,0.71,V.Good,G,VVS2,51,72,GIA,5.57 x 4.30 x 3.10,"$2,231"
Emerald,0.91,V.Good,D,VVS1,51,58.4,GIA,7.23 x 4.85 x 2.83,"$4,203"
Emerald,0.4,Good,I,SI1,51,71.9,GIA,4.95 x 3.38 x 2.43,$580
Emerald,0.5,Good,D,VS2,51,69.8,GIA,6.08 x 3.48 x 2.43,"$1,044"
Emerald,3.02,Good,G,VVS2,51,71.2,GIA,8.49 x 7.84 x 5.58,"$51,883"
Emerald,0.5,Good,D,VS2,51,69.8,GIA,6.08 x 3.48 x 2.43,"$1,090"
Emerald,1.06,Good,L,SI1,51,71.9,GIA,6.01 x 5.41 x 3.89,"$2,008"
Emerald,0.71,V.Good,G,VVS2,51,72,GIA,5.57 x 4.30 x 3.10,"$2,291"
Emerald,0.4,V.Good,D,VS1,51,82,GIA,5.04 x 3.05 x 2.50,$732
Emerald,1.02,V.Good,I,VS2,51,74.8,GIA,5.96 x 4.97 x 3.72,"$2,919"
Emerald,0.5,V.Good,D,SI1,51,65.8,GIA,5.34 x 3.86 x 2.54,"$1,219"
Emerald,1.01,V.Good,K,SI1,51,69.4,GIA,6.66 x 4.58 x 3.18,"$1,670"
Emerald,1.06,V.Good,L,SI1,51,71.9,GIA,6.01 x 5.41 x 3.89,"$2,082"
Emerald,1.01,V.Good,K,SI1,51,69.4,GIA,6.66 x 4.58 x 3.18,"$1,670"
Emerald,0.5,V.Good,D,VS2,51,69.8,GIA,6.08 x 3.48 x 2.43,"$1,059"
Emerald,0.71,Ideal,D,VVS1,52,69.7,GIA,5.88 x 4.22 x 2.94,"$2,268"
Emerald,0.55,V.Good,D,SI1,52,71.6,GIA,5.33 x 3.98 x 2.85,"$1,140"
Emerald,0.74,V.Good,D,IF,52,58.3,GIA,7.70 x 5.08 x 2.96,"$2,777"
Emerald,0.35,Ideal,D,VVS1,52,65.9,GIA,4.78 x 3.49 x 2.30,$671
Emerald,0.87,Good,F,SI1,52,69.7,GIA,7.42 x 4.12 x 2.87,"$2,054"
Emerald,0.71,Ideal,G,SI2,52,68.3,GIA,5.79 x 4.46 x 3.05,"$1,335"
Emerald,0.87,Good,F,SI1,52,69.7,GIA,7.42 x 4.12 x 2.87,"$2,102"
Emerald,0.74,Good,D,IF,52,58.3,GIA,7.70 x 5.08 x 2.96,"$2,829"
Emerald,2.06,Good,D,IF,52,54.4,GIA,10.22 x 5.85 x 3.18,"$29,604"
Emerald,0.83,V.Good,H,SI1,52,71,GIA,6.60 x 4.39 x 3.16,"$1,927"
Emerald,1,V.Good,F,VVS2,52,69.5,GIA,6.65 x 4.62 x 3.21,"$3,566"
Emerald,1.53,V.Good,D,IF,52,71.5,GIA,8.20 x 5.37 x 3.84,"$22,346"
Emerald,0.55,V.Good,D,SI1,52,71.6,GIA,5.33 x 3.98 x 2.85,"$1,189"
Emerald,5.27,V.Good,K,VVS2,52,73.6,GIA,10.23 x 8.97 x 6.60,"$59,208"
Emerald,0.74,V.Good,D,IF,52,58.3,GIA,7.70 x 5.08 x 2.96,"$2,882"
Emerald,1.21,V.Good,D,IF,52,69.7,GIA,6.97 x 5.11 x 3.56,"$10,622"
Emerald,1.05,V.Good,I,VS2,52,72.3,GIA,6.52 x 4.84 x 3.50,"$3,527"
Emerald,0.87,V.Good,F,SI1,52,69.7,GIA,7.42 x 4.12 x 2.87,"$2,141"
Emerald,0.71,V.Good,G,SI2,52,68.3,GIA,5.79 x 4.46 x 3.05,"$1,434"
Emerald,2.06,V.Good,D,IF,52,54.4,GIA,10.22 x 5.85 x 3.18,"$30,969"
Emerald,1,V.Good,F,SI1,52,66.6,GIA,6.86 x 4.9 x 3.27,"$3,820"
Emerald,0.35,Good,D,VVS1,52,65.9,GIA,4.78 x 3.49 x 2.30,$595
Emerald,0.74,Good,D,IF,52,58.3,GIA,7.70 x 5.08 x 2.96,"$2,828"
Emerald,2.01,Good,G,SI1,53,81.6,GIA,7.65 x 6.09 x 4.97,"$13,034"
Emerald,0.7,Good,D,VS1,53,79.8,GIA,5.35 x 4.06 x 3.24,"$1,787"
Emerald,0.41,V.Good,F,VS2,53,66.8,GIA,5.38 x 3.47 x 2.32,$496
Emerald,1.03,V.Good,G,VS2,53,67.9,GIA,6.63 x 4.71 x 3.20,"$3,324"
Emerald,1.13,V.Good,D,IF,53,60.6,GIA,7.46 x 4.98 x 3.02,"$11,267"
Emerald,3.82,Good,D,VS2,53,66.7,GIA,9.52 x 8.11 x 5.41,"$56,260"
Emerald,0.9,V.Good,K,I1,53,71.6,GIA,6.09 x 4.82 x 3.45,"$1,099"
Emerald,1.22,Ideal,E,SI2,53,69,GIA,6.90 x 5.10 x 3.52,"$4,260"
Emerald,0.91,Good,F,SI1,53,79.2,GIA,6.09 x 4.48 x 3.55,"$2,831"
Emerald,1,Ideal,J,VVS1,53,68.5,GIA,6.59 x 4.77 x 3.27,"$2,740"
Emerald,0.84,Good,F,VVS1,54,64.2,GIA,6.43 x 4.50 x 2.89,"$2,872"
Emerald,1,Good,E,VS2,54,66.1,GIA,6.68 x 4.67 x 3.09,"$5,825"
Emerald,1.7,Good,J,VS1,54,67.8,GIA,8.05 x 5.49 x 3.72,"$7,331"
Emerald,1.07,Good,G,VS1,54,67.2,GIA,8.47 x 4.39 x 2.95,"$8,165"
Emerald,1.31,Good,D,IF,54,69.8,GIA,7.38 x 5.53 x 3.86,"$17,155"
Emerald,2.09,Good,G,VS1,54,60.2,GIA,8.66 x 6.38 x 3.84,"$22,255"
Emerald,2.43,Good,F,VS2,54,70,GIA,8.56 x 6.97 x 4.88,"$26,026"
Emerald,3.02,Good,D,VVS2,54,65.4,GIA,9.47 x 7.39 x 4.83,"$100,886"
Emerald,9.34,Good,F,VS1,54,63.9,GIA,13.50 x 11.57 x 7.39,"$722,241"
Emerald,1.36,V.Good,H,VVS2,54,68.2,GIA,7.45 x 5.19 x 3.54,"$6,256"
Emerald,0.4,Good,E,VVS1,54,70.1,GIA,5.10 x 3.46 x 2.42,$662
Emerald,1.08,V.Good,D,I1,54,58.2,GIA,7.15 x 4.90 x 3.34,"$2,564"
Emerald,0.79,Ideal,E,VS2,54,64.2,GIA,6.11 x 4.36 x 2.80,"$2,606"
Emerald,0.36,Good,D,VS1,54,76.5,GIA,4.17 x 3.44 x 2.63,$553
Emerald,0.5,V.Good,E,VS2,54,69.1,GIA,5.24 x 3.62 x 2.50,"$1,109"
Emerald,9,Ideal,J,VS1,54,65.3,GIA,14.02 x 9.90 x 6.46,"$191,783"
Emerald,0.7,Ideal,G,SI2,54,69.1,GIA,5.76 x 4.32 x 2.98,"$1,456"
Emerald,0.51,V.Good,F,VS1,54,57.3,GIA,5.60 x 4.03 x 2.31,"$1,149"
Emerald,1.04,V.Good,E,IF,54,68.6,GIA,6.49 x 5.09 x 3.49,"$6,019"
Emerald,0.63,V.Good,G,VS1,54,61.3,GIA,6.05 x 4.16 x 2.55,"$1,591"
Radiant,0.95,V.Good,H,SI1,0,0,GIA,5.64 x 4.52 x 4.08,"$2,893"
Radiant,1.01,V.Good,E,VVS2,0,0,GIA,6.97 x 5.12 x 3.06,"$6,010"
Radiant,0.9,V.Good,H,SI1,0,0,GIA,5.16 x 5.09 x 3.73,"$3,251"
Radiant,1,V.Good,F,VS1,0,0,GIA,5.88 x 5.17 x 3.72,"$4,758"
Radiant,1,V.Good,H,SI1,0,0,GIA,5.47 x 5.37 x 3.78,"$4,262"
Radiant,1.7,V.Good,I,VS1,0,0,GIA,6.60 x 6.29 x 4.49,"$8,451"
Radiant,1.01,V.Good,E,VVS2,0,0,GIA,6.97 x 5.12 x 3.06,"$6,000"
Radiant,0.9,V.Good,E,VS2,0,0,GIA,5.40 x 5.22 x 3.57,"$3,643"
Radiant,2.03,V.Good,I,VS1,0,0,GIA,8.33 x 6.86 x 4.54,"$14,082"
Radiant,1.51,V.Good,G,SI2,0,0,GIA,7.21 x 5.76 x 3.74,"$7,236"
Radiant,1.02,V.Good,G,SI1,0,0,GIA,6.23 x 5.00 x 3.52,"$4,315"
Radiant,0.83,V.Good,D,VVS2,0,0,GIA,5.10 x 4.79 x 3.87,"$2,753"
Radiant,1.51,Ideal,J,VS2,40,72,GIA,7.15 x 5.75 x 4.14,"$4,970"
Radiant,1.51,Good,I,VS2,48,63.6,AGS,7.41 x 6.40 x 4.71,"$7,066"
Radiant,0.5,V.Good,E,VS1,48,70.3,GIA,5.22 x 3.77 x 2.65,"$1,261"
Radiant,1,Good,G,I1,48,63.4,AGS,6.49 x 5.57 x 4.11,"$3,292"
Radiant,1.51,Ideal,I,VS2,48.2,63.6,AGS,7.41 x 6.40 x 4.71,"$7,053"
Radiant,1.51,V.Good,I,VS2,48.2,63.6,AGS,7.41 x 6.40 x 4.71,"$7,392"
Radiant,1.02,Ideal,G,SI2,49,68.9,GIA,6.57 x 5.12 x 3.53,"$3,141"
Radiant,1.02,Good,G,SI2,49,68.9,GIA,6.57 x 5.12 x 3.53,"$3,158"
Radiant,1.02,V.Good,G,SI2,49,68.9,GIA,6.57 x 5.12 x 3.53,"$3,274"
Radiant,1,V.Good,H,SI1,49,67.6,GIA,6.35 x 5.06 x 3.42,"$3,928"
Radiant,0.76,Ideal,H,SI2,49,61.9,AGS,5.98 x 5.10 x 3.70,"$2,098"
Radiant,1.01,V.Good,G,SI1,51,75.7,GIA,5.42 x 5.41 x 4.09,"$3,872"
Radiant,1.01,Good,G,SI1,51,75.7,GIA,5.42 x 5.41 x 4.09,"$3,929"
Radiant,1.01,Good,G,SI1,51,75.7,GIA,5.42 x 5.41 x 4.09,"$4,528"
Radiant,0.57,Good,I,SI1,52,56.1,GIA,6.21 x 4.39 x 2.55,$739
Radiant,0.57,V.Good,I,SI1,52,56.1,GIA,6.21 x 4.39 x 2.55,$718
Radiant,2.45,V.Good,K,SI1,52,69.9,GIA,9.31 x 6.58 x 4.60,"$10,620"
Radiant,2.69,Ideal,K,VS2,53,68.7,GIA,9.55 x 6.99 x 4.80,"$11,845"
Radiant,0.3,Ideal,D,VVS1,53,67.7,GIA,4.25 x 3.31 x 2.24,$663
Radiant,2.69,Good,K,VS2,53,68.7,GIA,9.55 x 6.99 x 4.80,"$11,803"
Radiant,1,Good,G,VS2,53,76.2,GIA,5.65 x 5.12 x 3.90,"$3,001"
Radiant,2.69,V.Good,K,VS2,53,68.7,GIA,9.55 x 6.99 x 4.80,"$12,348"
Radiant,0.91,V.Good,I,VS1,53,72.9,GIA,5.55 x 5.13 x 3.74,"$2,531"
Radiant,0.3,V.Good,D,VVS1,53,67.7,GIA,4.25 x 3.31 x 2.24,$789
Radiant,1,V.Good,G,VS2,53,76.2,GIA,5.65 x 5.12 x 3.90,"$3,112"
Radiant,2.69,Good,K,VS2,53,68.7,GIA,9.55 x 6.99 x 4.80,"$12,117"
Radiant,2.01,Ideal,G,IF,54,73.3,GIA,8.08 x 6.59 x 4.83,"$19,742"
Radiant,0.41,Ideal,G,SI2,54,71.7,GIA,4.56 x 3.67 x 2.63,$438
Radiant,1,Ideal,F,SI2,54,73.2,GIA,6.14 x 5.08 x 3.72,"$3,701"
Radiant,1.6,Ideal,K,VS2,54,67.8,GIA,6.82 x 6.67 x 4.52,"$4,881"
Radiant,2.01,Good,G,IF,54,73.3,GIA,8.08 x 6.59 x 4.83,"$19,860"
Radiant,1.6,Good,K,VS2,54,67.8,GIA,6.82 x 6.67 x 4.52,"$4,910"
Radiant,1,Good,F,SI2,54,73.2,GIA,6.14 x 5.08 x 3.72,"$3,756"
Radiant,2.01,V.Good,G,IF,54,73.3,GIA,8.08 x 6.59 x 4.83,"$20,776"
Radiant,1.6,V.Good,K,VS2,54,67.8,GIA,6.82 x 6.67 x 4.52,"$5,136"
Radiant,1.32,V.Good,J,VS2,54,76.9,GIA,6.27 x 5.68 x 4.37,"$3,955"
Radiant,0.41,Good,G,SI2,54,71.7,GIA,4.56 x 3.67 x 2.63,$452
Radiant,1,Good,F,SI2,54,73.2,GIA,6.14 x 5.08 x 3.72,"$4,330"
Radiant,2.01,Good,G,IF,54,73.3,GIA,8.08 x 6.59 x 4.83,"$20,387"
Radiant,1.13,Ideal,F,IF,55,71.9,GIA,6.64 x 5.49 x 3.95,"$6,211"
Radiant,1.01,Ideal,F,IF,55,69.3,GIA,6.46 x 5.40 x 3.74,"$5,866"
Radiant,0.6,Ideal,I,VS1,55,59.1,AGS,5.70 x 4.65 x 3.37,$671
Radiant,3.46,Good,G,VS2,55,77,GIA,9.47 x 7.77 x 5.98,"$34,265"
Radiant,2.03,Ideal,G,SI1,55,69.4,GIA,8.09 x 6.31 x 4.38,"$18,179"
Radiant,0.64,Good,D,VS1,55,67.5,GIA,6.32 x 4.18 x 2.82,"$1,708"
Radiant,1.91,Ideal,D,SI2,55,66.9,GIA,8.36 x 6.22 x 4.16,"$11,401"
Radiant,0.6,Good,I,VS1,55,59.1,AGS,5.70 x 4.65 x 3.37,$726
Radiant,1.01,Good,F,IF,55,69.3,GIA,6.46 x 5.40 x 3.74,"$5,954"
Radiant,0.68,Good,F,VS2,55,66,GIA,6.51 x 4.20 x 2.77,"$1,929"
Radiant,3.01,Good,D,VVS1,55,70.2,GIA,8.05 x 7.98 x 5.60,"$68,242"
Radiant,0.79,Good,H,VS2,55,73.8,GIA,6.03 x 4.58 x 3.38,"$1,577"
Radiant,1.13,Good,F,IF,55,71.9,GIA,6.64 x 5.49 x 3.95,"$6,304"
Radiant,1.91,Good,D,SI2,55,66.9,GIA,8.36 x 6.22 x 4.16,"$11,409"
Radiant,0.64,Good,D,VS1,55,67.5,GIA,6.32 x 4.18 x 2.82,"$1,849"
Radiant,2.03,Good,G,SI1,55,69.4,GIA,8.09 x 6.31 x 4.38,"$16,195"
Radiant,0.6,Ideal,I,VS1,55,59.1,AGS,5.70 x 4.65 x 3.37,$971
Radiant,1.07,V.Good,E,IF,55,74.4,GIA,6.53 x 5.08 x 3.78,"$8,443"
Radiant,0.79,V.Good,H,VS2,55,73.8,GIA,6.03 x 4.58 x 3.38,"$1,606"
Radiant,0.68,V.Good,F,VS2,55,66,GIA,6.51 x 4.20 x 2.77,"$1,965"
Radiant,1.01,V.Good,F,IF,55,69.3,GIA,6.46 x 5.40 x 3.74,"$6,173"
Radiant,1.13,V.Good,F,IF,55,71.9,GIA,6.64 x 5.49 x 3.95,"$6,536"
Radiant,0.92,V.Good,J,VS1,55,71.2,GIA,5.74 x 5.10 x 3.63,"$2,610"
Radiant,0.81,V.Good,G,VS1,55,83.8,GIA,5.86 x 4.18 x 3.50,"$2,545"
Radiant,0.6,Ideal,I,VS1,55,59.1,AGS,5.70 x 4.65 x 3.37,$706
Radiant,1.75,V.Good,G,SI1,55,78.1,GIA,7.40 x 6.07 x 4.74,"$11,590"
Radiant,3.01,V.Good,D,VVS1,55,70.2,GIA,8.05 x 7.98 x 5.60,"$71,387"
Radiant,0.6,Ideal,I,VS1,55,59.1,AGS,5.7 x 4.65 x 3.37,"$1,070"
Radiant,3.46,Good,G,VS2,55,77,GIA,9.47 x 7.77 x 5.98,"$34,600"
Radiant,0.84,V.Good,F,VS2,56,63.5,GIA,6.27 x 4.88 x 3.1,"$4,000"
Radiant,1.01,Good,D,VVS2,56,71.9,GIA,6.60 x 4.81 x 3.46,"$4,820"
Radiant,1.35,Good,F,VS2,56,69,GIA,7.13 x 5.78 x 3.99,"$7,904"
Radiant,2.01,Good,G,VS2,56,75.9,GIA,8.33 x 6.01 x 4.56,"$16,040"
Radiant,2.67,Good,K,VS1,56,72.3,GIA,8.80 x 6.85 x 4.95,"$13,583"
Radiant,1.13,V.Good,F,IF,57,75.2,GIA,6.57 x 5.46 x 4.10,"$6,094"
Radiant,1.03,V.Good,F,IF,57,75.1,GIA,6.23 x 5.34 x 4.01,"$5,555"
Radiant,4,Ideal,F,IF,57,68.8,GIA,10.72 x 8.52 x 5.86,"$99,050"
Radiant,0.3,Ideal,E,VS1,57,70.6,GIA,3.94 x 3.84 x 2.71,$401
Radiant,1.01,Ideal,E,VS2,57,70.3,GIA,5.88 x 5.85 x 4.11,"$5,521"
Radiant,0.51,Good,E,VS1,57,77.9,GIA,4.46 x 4.30 x 3.35,"$1,130"
Radiant,3.28,Ideal,G,IF,57,72.2,GIA,9.52 x 7.62 x 5.50,"$63,511"
Radiant,4.28,Ideal,G,VS1,57,70.1,GIA,9.43 x 9.03 x 6.33,"$83,511"
Radiant,1.03,Good,E,VS1,57,82,GIA,6.40 x 4.84 x 3.97,"$4,728"
Radiant,0.73,V.Good,H,SI1,57,73.9,GIA,5.02 x 5 x 3.7,"$1,488"
Radiant,1.01,Good,E,VS2,57,70.3,GIA,5.88 x 5.85 x 4.11,"$5,550"
Radiant,4.67,Good,G,VS1,57,73.4,GIA,9.30 x 9.22 x 6.77,"$90,688"
Radiant,4,Good,F,IF,57,68.8,GIA,10.72 x 8.52 x 5.86,"$100,091"
Radiant,1.03,Good,F,IF,57,75.1,GIA,6.23 x 5.34 x 4.01,"$5,638"
Radiant,0.98,Good,H,SI2,57,69.7,GIA,5.79 x 5.78 x 4.03,"$2,933"
Oval,0.38,Good,G,VS2,0,0,GIA,5.45 x 4.18 x 2.59,$880
Oval,0.8,Ideal,D,SI2,0,0,GIA,7.05 x 5.29 x 3.32,"$3,060"
Oval,2.29,Ideal,I,SI2,0,0,GIA,10.21 x 7.54 x 4.67,"$11,690"
Oval,0.3,Good,E,VS2,0,0,GIA,5.33 x 3.83 x 2.37,$780
Oval,3.03,Ideal,H,VVS2,0.6,0.6,GIA,11.34 x 7.88 x 5.04,"$65,140"
Oval,0.77,Ideal,D,SI2,6,63,GIA,6.92 x 5.13 x 3.23,"$2,255"
Oval,0.77,Good,D,SI2,6,63,GIA,6.92 x 5.13 x 3.23,"$2,911"
Oval,0.77,Good,D,SI2,6,63,GIA,6.92 x 5.13 x 3.23,"$2,330"
Oval,0.77,Ideal,D,SI2,6,63,GIA,6.92 x 5.13 x 3.23,"$2,888"
Oval,0.77,V.Good,D,SI2,6,63,GIA,6.92 x 5.13 x 3.23,"$2,373"
Oval,0.77,Good,D,SI2,6,63,GIA,6.92 x 5.13 x 3.23,"$2,900"
Oval,0.5,V.Good,G,SI1,20,57.8,GIA,6.36 x 4.67 x 2.70,$984
Oval,1.04,Good,H,SI1,38,66.7,GIA,6.84 x 5.81 x 3.88,"$3,739"
Oval,1.04,V.Good,H,SI1,38,66.7,GIA,6.84 x 5.81 x 3.88,"$3,877"
Oval,1.04,V.Good,H,SI1,38,66.7,GIA,6.84 x 5.81 x 3.88,"$3,472"
Oval,1.04,Good,H,SI1,38,66.7,GIA,6.84 x 5.81 x 3.88,"$3,805"
Oval,1.76,Good,G,SI1,45,67.1,GIA,9.01 x 6.44 x 4.32,"$11,167"
Oval,1.76,Good,G,SI1,45,67.1,GIA,9.01 x 6.44 x 4.32,"$11,233"
Oval,1.76,V.Good,G,SI1,45,67.1,GIA,9.01 x 6.44 x 4.32,"$11,751"
Oval,0.32,Ideal,F,SI1,46,62.5,GIA,5.46 x 3.84 x 2.40,$337
Oval,1.51,Good,D,SI1,46,67.3,GIA,8.65 x 6.15 x 4.14,"$10,309"
Oval,1.51,V.Good,D,SI1,46,67.3,GIA,8.65 x 6.15 x 4.14,"$10,785"
Oval,1.08,V.Good,G,VS1,46.2,59,GIA,8.85 x 6.02 x 2.78,"$7,943"
Oval,1.01,Good,G,I1,47,65.9,GIA,8.33 x 5.30 x 3.49,"$2,383"
Oval,0.97,Good,K,VS1,47,69.9,GIA,7.58 x 5.28 x 3.69,"$1,711"
Oval,2.01,Good,D,SI1,47,70.7,GIA,9.33 x 6.31 x 4.46,"$17,184"
Oval,0.97,Good,K,VS1,47,69.9,GIA,7.58 x 5.28 x 3.69,"$1,684"
Oval,2.01,Good,D,SI1,47,70.7,GIA,9.33 x 6.31 x 4.46,"$17,195"
Oval,1.01,Good,G,I1,47,65.9,GIA,8.33 x 5.30 x 3.49,"$2,345"
Oval,1.01,V.Good,G,I1,47,65.9,GIA,8.33 x 5.30 x 3.49,"$2,432"
Oval,0.97,V.Good,K,VS1,47,69.9,GIA,7.58 x 5.28 x 3.69,"$1,746"
Oval,2.01,V.Good,D,SI1,47,70.7,GIA,9.33 x 6.31 x 4.46,"$17,988"
Oval,1.08,V.Good,D,SI1,47,67.8,GIA,8.08 x 5.43 x 3.68,"$4,557"
Oval,0.97,Good,K,VS1,47,69.9,GIA,7.58 x 5.28 x 3.69,"$1,713"
Oval,1.31,Good,K,SI2,47,67.1,GIA,8.68 x 5.71 x 3.83,"$3,370"
Oval,2.01,Ideal,G,SI1,48,64.9,GIA,9.46 x 7.17 x 4.68,"$16,864"
Oval,0.99,Ideal,E,VS2,48,59.7,GIA,7.95 x 5.45 x 3.25,"$3,480"
Oval,0.71,Ideal,E,VVS1,48,58.1,GIA,6.90 x 5.15 x 2.99,"$3,915"
Oval,1.01,Good,H,I1,48,67.9,GIA,7.48 x 5.23 x 3.55,"$2,085"
Oval,2.01,Good,G,SI1,48,64.9,GIA,9.46 x 7.17 x 4.68,"$16,893"
Oval,0.8,V.Good,D,VS1,49,66.5,GIA,6.88 x 5.10 x 3.39,"$2,631"
Oval,1.01,V.Good,G,VS1,49,60.7,GIA,7.71 x 5.50 x 3.34,"$4,562"
Oval,0.61,V.Good,E,VVS1,49,55.4,GIA,7.40 x 4.66 x 2.58,"$2,720"
Oval,1.04,V.Good,I,SI1,49,66.4,GIA,7.44 x 5.56 x 3.69,"$2,704"
Oval,0.7,V.Good,D,VS2,49,67.6,GIA,6.89 x 4.82 x 3.26,"$2,481"
Oval,2.51,V.Good,H,VS2,49,59.9,GIA,10.57 x 7.76 x 4.64,"$23,967"
Oval,8.01,V.Good,G,VVS1,49,67.1,GIA,14.20 x 10.87 x 7.29,"$427,078"
Oval,0.73,Good,F,SI2,49,74.3,GIA,6.51 x 4.63 x 3.44,"$1,663"
Oval,1.01,Good,H,VVS1,49,69.4,GIA,7.19 x 5.53 x 3.84,"$4,905"
Oval,1.04,Good,I,SI1,49,66.4,GIA,7.44 x 5.56 x 3.69,"$2,654"
Oval,2.51,Good,H,VS2,49,59.9,GIA,10.57 x 7.76 x 4.64,"$23,519"
Oval,1.09,Ideal,D,VS1,50,60.9,GIA,8.28 x 5.71 x 3.48,"$6,036"
Oval,1.51,Ideal,E,VS2,50,61,GIA,8.81 x 6.38 x 3.89,"$12,528"
Oval,1.6,V.Good,D,VVS2,50,66.6,GIA,9.38 x 6.29 x 4.19,"$20,555"
Oval,1,V.Good,K,VVS2,50,57.9,GIA,7.89 x 5.70 x 3.30,"$2,565"
Oval,1.04,Good,D,VS1,50,70.2,GIA,7.37 x 5.63 x 3.95,"$5,968"
Oval,3.01,Good,K,VS2,50,71.2,GIA,9.48 x 7.60 x 5.41,"$13,466"
Oval,0.98,Good,I,SI1,50,68.2,GIA,7.64 x 5.19 x 3.54,"$2,641"
Oval,2.02,V.Good,D,VVS1,50,57.8,GIA,10.36 x 6.89 x 3.98,"$22,745"
Oval,3.01,Good,I,VS2,50,66.9,GIA,11.54 x 7.47 x 5.00,"$26,363"
Oval,0.88,Ideal,F,VS2,50,64.5,GIA,7.32 x 5.15 x 3.32,"$3,356"
Oval,0.76,Good,F,VS1,50,69,GIA,7.21 x 4.90 x 3.38,"$2,712"
Oval,2.01,Ideal,J,SI1,50,61.9,GIA,9.69 x 6.87 x 4.25,"$9,002"
Oval,1.01,Good,H,SI2,50,69.9,GIA,7.64 x 5.15 x 3.60,"$2,787"
Oval,2.51,Ideal,H,VS2,50,60.2,GIA,10.82 x 7.23 x 4.35,"$22,692"
Oval,1.7,Ideal,E,SI2,50,62.4,GIA,9.20 x 6.36 x 3.96,"$9,536"
Oval,0.4,Good,E,VS1,50,70.4,GIA,5.69 x 3.85 x 2.71,$920
Oval,1.6,Good,D,VVS2,50,66.6,GIA,9.38 x 6.29 x 4.19,"$20,678"
Oval,1.51,Good,E,VS2,50,61,GIA,8.81 x 6.38 x 3.89,"$12,602"
Oval,0.98,Good,I,SI1,50,68.2,GIA,7.64 x 5.19 x 3.54,"$2,680"
Oval,0.88,Good,F,VS2,50,64.5,GIA,7.32 x 5.15 x 3.32,"$3,420"
Oval,2.02,Good,D,VVS1,50,57.8,GIA,10.36 x 6.89 x 3.98,"$22,881"
Oval,0.76,Good,F,VS1,50,69,GIA,7.21 x 4.90 x 3.38,"$2,802"
Oval,3.01,Good,I,VS2,50,66.9,GIA,11.54 x 7.47 x 5.00,"$26,521"
Oval,5.01,Good,D,IF,50,65.8,GIA,13.29 x 9.38 x 6.17,"$412,397"
Oval,1.04,Good,D,VS1,50,70.2,GIA,7.37 x 5.63 x 3.95,"$6,058"
Oval,2.51,Good,H,VS2,50,60.2,GIA,10.82 x 7.23 x 4.35,"$22,911"
Oval,1,Good,K,VVS2,50,57.9,GIA,7.89 x 5.70 x 3.30,"$2,414"
Oval,1,Good,E,VS2,50,67,GIA,7.50 x 5.69 x 3.81,"$5,032"
Oval,2.51,Good,H,VS2,50,60.2,GIA,10.82 x 7.23 x 4.35,"$25,426"
Oval,2.5,Good,G,VS1,51,65.2,GIA,10.27 x 6.99 x 4.56,"$32,591"
Oval,3.01,Good,I,VVS2,51,64.9,GIA,11.21 x 8.01 x 5.19,"$40,066"
Oval,3.01,Good,D,VS1,51,60.5,GIA,10.69 x 8.03 x 4.86,"$80,063"
Oval,4.06,Good,G,VS1,51,63.7,GIA,12.66 x 8.53 x 5.43,"$116,584"
Oval,5.18,Good,E,VS1,51,60.1,GIA,13.82 x 9.61 x 5.78,"$191,255"
Oval,2.51,Ideal,F,VS2,51,63.3,GIA,10.04 x 7.71 x 4.88,"$32,667"
Oval,2,Ideal,G,VS2,51,64.2,GIA,9.60 x 7.23 x 4.64,"$18,603"
Oval,1,V.Good,G,SI1,51,65.3,GIA,7.41 x 5.54 x 3.62,"$3,556"
Oval,3.01,Good,D,SI1,51,68.5,GIA,10.70 x 7.66 x 5.25,"$41,451"
Oval,0.62,V.Good,D,SI1,51,64.3,GIA,7.20 x 4.65 x 2.99,"$1,317"
Oval,2.51,Ideal,G,VS1,51,61.6,GIA,10.42 x 7.53 x 4.64,"$28,978"
Oval,1,Ideal,E,SI2,51,62.6,GIA,7.80 x 5.48 x 3.43,"$3,326"
Oval,0.71,V.Good,E,SI1,51,62.8,GIA,7.40 x 4.75 x 2.97,"$1,832"
Oval,0.62,Good,E,VVS2,51,72.7,GIA,6.16 x 4.66 x 3.39,"$1,533"
Oval,1.03,Ideal,K,I1,51,59.6,GIA,8.07 x 5.82 x 3.47,"$1,123"
Oval,0.6,V.Good,D,VS2,51,66.6,GIA,6.55 x 4.70 x 3.13,"$1,511"
Oval,0.53,V.Good,E,VS1,51,65.4,GIA,6.27 x 4.51 x 2.95,"$1,087"
Oval,3.05,V.Good,J,VVS1,51,60.5,GIA,12.50 x 7.88 x 4.77,"$26,947"
Oval,0.51,Good,D,VVS2,51,74.6,GIA,5.74 x 4.16 x 3.10,"$1,579"
Oval,0.78,Good,G,VS2,51,72.8,GIA,6.50 x 4.87 x 3.54,"$2,010"
Asscher,1.15,V.Good,D,SI1,0,0,GIA,6.83 x 5.95 x 3.81,"$5,599"
Asscher,1.01,V.Good,D,VS1,0,0,GIA,5.71 x 5.46 x 3.82,"$5,439"
Asscher,1,V.Good,F,VS1,0,0,GIA,5.40 x 5.16 x 3.79,"$5,019"
Asscher,1.01,V.Good,F,VVS2,0,0,GIA,5.35 x 5.34 x 3.97,"$4,890"
Asscher,1.03,V.Good,G,VS2,0,0,GIA,5.66 x 5.32 x 3.67,"$4,735"
Asscher,1.01,V.Good,E,VS1,0,0,GIA,5.56 x 5.25 x 3.81,"$5,315"
Asscher,1.01,V.Good,E,VVS1,0,0,GIA,5.53 x 5.27 x 3.75,"$6,645"
Asscher,0.72,V.Good,G,VVS2,0,0,GIA,5.06 x 4.79 x 3.49,"$2,350"
Asscher,1.01,V.Good,E,VS2,0,0,GIA,5.72 x 5.44 x 3.77,"$5,179"
Asscher,1.01,V.Good,H,VVS1,0,0,GIA,5.67 x 5.23 x 3.85,"$4,455"
Asscher,1.2,V.Good,D,SI2,0,0,GIA,6.08 x 5.98 x 4.20,"$5,471"
Asscher,1.22,V.Good,H,VS1,0,0,GIA,5.82 x 5.71 x 4.02,"$4,943"
Asscher,0.76,V.Good,F,VS1,0,0,GIA,5.00 x 4.96 x 3.42,"$2,725"
Asscher,0.81,V.Good,F,VVS2,0,0,GIA,5.03 x 5.00 x 3.74,"$2,951"
Asscher,1.01,V.Good,F,VS1,0,0,GIA,5.53 x 5.31 x 3.91,"$4,833"
Asscher,1.2,V.Good,F,VS2,0,0,GIA,5.82 x 5.58 x 4.02,"$6,562"
Asscher,1,V.Good,E,VS1,0,0,GIA,5.53 x 5.29 x 3.72,"$5,180"
Asscher,1.01,V.Good,E,VVS1,0,0,GIA,5.53 x 5.27 x 3.75,"$6,657"
Asscher,1.01,V.Good,H,IF,0,0,GIA,5.72 x 5.36 x 3.80,"$5,211"
Asscher,1.03,V.Good,G,VS1,0,0,GIA,5.61 x 5.54 x 3.72,"$5,331"
Asscher,0.7,V.Good,G,VVS1,0,0,GIA,4.87 x 4.72 x 3.42,"$2,387"
Asscher,1,V.Good,F,VS1,0,0,GIA,5.40 x 5.16 x 3.79,"$5,016"
Asscher,1,V.Good,F,VS2,0,0,GIA,5.78 x 5.47 x 3.85,"$4,814"
Asscher,1.01,V.Good,D,VS1,0,0,GIA,5.71 x 5.46 x 3.82,"$5,430"
Asscher,1.01,V.Good,E,VS1,0,0,GIA,5.56 x 5.25 x 3.81,"$5,306"
Asscher,1.01,V.Good,E,VS2,0,0,GIA,5.72 x 5.44 x 3.77,"$4,757"
Asscher,1.01,V.Good,G,VVS1,0,0,GIA,5.49 x 5.24 x 3.88,"$5,144"
Asscher,1.01,V.Good,G,VVS2,0,0,GIA,5.43 x 5.39 x 3.85,"$5,259"
Asscher,2.21,V.Good,G,VS1,0,0,GIA,7.51 x 7.50 x 5.05,"$21,388"
Asscher,1.01,V.Good,I,I1,0,0,GIA,5.50 x 5.34 x 3.65,"$2,160"
Asscher,5.01,Ideal,I,VS2,0.7,70.3,GIA,0 x 0 x 0,"$88,440"
Asscher,2.06,V.Good,K,SI1,44,86.4,GIA,7.07 x 6.24 x 5.39,"$7,593"
Asscher,2.73,Good,K,SI1,51,70.9,GIA,8.41 x 7.75 x 5.49,"$12,154"
Asscher,1.02,V.Good,E,SI1,52,68.8,GIA,5.84 x 5.74 x 3.95,"$4,438"
Asscher,1.02,V.Good,E,SI1,52,68.8,GIA,5.84 x 5.74 x 3.95,"$4,607"
Asscher,1.78,Good,D,VVS1,52,69.3,GIA,6.89 x 6.59 x 4.56,"$23,830"
Asscher,3,V.Good,D,VVS2,53,66.8,GIA,8.24 x 7.92 x 5.29,"$97,657"
Asscher,1.27,V.Good,G,IF,53,64.8,GIA,6.26 x 6.16 x 3.99,"$8,161"
Asscher,1,V.Good,E,VS1,53,70,GIA,5.52 x 5.50 x 3.85,"$4,647"
Asscher,1,V.Good,E,VS1,53,70,GIA,5.52 x 5.50 x 3.85,"$4,890"
Asscher,0.63,V.Good,F,VS1,55,69,GIA,4.69 x 4.61 x 3.18,"$1,842"
Asscher,0.52,V.Good,G,VVS2,55,68.6,GIA,4.50 x 4.36 x 2.99,"$1,446"
Asscher,3.01,V.Good,D,VVS1,55,70.2,GIA,8.05 x 7.98 x 5.60,"$81,770"
Asscher,0.57,V.Good,E,VS1,55,69.6,GIA,4.67 x 4.50 x 3.13,"$1,580"
Asscher,1.09,V.Good,D,VS1,55,68.2,GIA,5.90 x 5.63 x 3.84,"$6,589"
Asscher,0.74,V.Good,F,VS2,55,68.8,GIA,5.07 x 5.07 x 3.49,"$2,611"
Asscher,1.01,V.Good,H,VS1,55,67.5,GIA,5.86 x 5.61 x 3.79,"$3,871"
Asscher,0.48,V.Good,D,VS2,56,66.2,GIA,4.52 x 4.35 x 2.88,"$1,225"
Asscher,0.48,V.Good,E,VS2,56,65.1,GIA,4.47 x 4.41 x 2.87,"$1,262"
Asscher,0.47,Good,D,VS1,56,68,GIA,4.34 x 4.29 x 2.92,"$1,279"
Asscher,0.61,Good,H,SI1,56,69,GIA,4.69 x 4.68 x 3.23,"$1,386"
Asscher,0.53,V.Good,G,VVS1,56,64.5,GIA,4.68 x 4.49 x 2.90,"$1,576"
Asscher,0.59,Good,G,VS1,56,67.4,GIA,4.65 x 4.49 x 3.03,"$1,666"
Asscher,0.61,V.Good,F,VVS2,56,65.1,GIA,4.80 x 4.67 x 3.04,"$1,839"
Asscher,0.62,Good,F,VVS2,56,71.1,GIA,4.76 x 4.64 x 3.30,"$1,854"
Asscher,0.61,V.Good,E,VS1,56,64.5,GIA,4.78 x 4.65 x 3.00,"$1,932"
Asscher,0.61,V.Good,F,VVS1,56,66,GIA,4.74 x 4.70 x 3.10,"$2,103"
Asscher,0.7,Good,G,SI1,56,67.4,GIA,5.09 x 5.03 x 3.39,"$2,261"
Asscher,0.81,Good,G,VS2,56,69.8,GIA,5.08 x 4.97 x 3.47,"$2,576"
Asscher,0.82,Good,G,VS1,56,73.7,GIA,5.00 x 4.98 x 3.67,"$2,623"
Asscher,0.7,Good,F,VS1,56,71.7,GIA,4.86 x 4.76 x 3.41,"$2,626"
Asscher,0.7,Good,D,VS2,56,70.2,GIA,4.81 x 4.77 x 3.35,"$2,682"
Asscher,0.71,Good,D,VVS2,56,69,GIA,5.00 x 4.97 x 3.43,"$3,497"
Asscher,0.72,Good,E,VVS1,56,67.5,GIA,4.94 x 4.92 x 3.32,"$3,545"
Asscher,0.9,Good,H,VVS2,56,69.7,GIA,5.43 x 5.31 x 3.70,"$3,571"
Asscher,1.01,Good,E,VVS1,56,70.2,GIA,5.55 x 5.50 x 3.86,"$5,776"
Asscher,1.57,Good,G,VS1,56,69,GIA,6.45 x 6.29 x 4.35,"$12,137"
Asscher,1.56,Good,G,VS1,56,70,GIA,6.47 x 6.38 x 4.47,"$13,526"
Asscher,2.09,Good,D,SI2,56,68.9,GIA,7.21 x 7.05 x 4.86,"$22,217"
Asscher,2.01,Good,D,VS1,56,69.7,GIA,7.07 x 7.03 x 4.90,"$29,008"
Asscher,2.05,Good,F,IF,56,69.3,GIA,7.27 x 7.04 x 4.88,"$35,790"
Asscher,3.04,Good,I,VVS2,56,74,GIA,8.07 x 7.76 x 5.74,"$40,060"
Asscher,3.02,V.Good,D,VS2,56,66.9,GIA,8.25 x 8.14 x 5.45,"$58,444"
Asscher,1.03,Ideal,F,VVS1,56,67.5,GIA,5.80 x 5.75 x 3.88,"$6,338"
Asscher,1.05,Ideal,D,IF,56,68.7,GIA,5.65 x 5.60 x 3.85,"$11,856"
Asscher,1.01,Good,E,VVS1,56,76.2,GIA,5.55 x 5.26 x 4.01,"$5,271"
Asscher,1.76,Good,F,VS2,56,72.2,GIA,8.08 x 5.51 x 3.98,"$13,842"
Asscher,1.05,V.Good,E,VS1,56,67.9,GIA,5.90 x 5.62 x 3.82,"$5,285"
Asscher,1,Ideal,H,VVS1,56,71,GIA,5.49 x 5.41 x 3.84,"$4,206"
Asscher,1.03,V.Good,F,VS2,56,70.3,GIA,5.71 x 5.50 x 3.86,"$5,033"
Asscher,2.09,Ideal,F,VS1,56,68.8,GIA,7.27 x 6.99 x 4.81,"$23,627"
Asscher,1.03,V.Good,G,VS2,56,67.3,GIA,5.82 x 5.62 x 3.78,"$4,742"
Asscher,1,Good,I,I1,56,73.3,GIA,6.45 x 4.64 x 3.40,"$1,683"
Asscher,3.02,Ideal,D,VS2,56,66.9,GIA,8.25 x 8.14 x 5.45,"$57,415"
Asscher,1.01,Good,E,VS1,56,76.2,GIA,5.55 x 5.26 x 4.01,"$5,271"
Asscher,1.36,Ideal,G,VS2,56,69.9,GIA,6.19 x 6.16 x 4.31,"$6,254"
Asscher,0.55,V.Good,I,VS2,56,69.2,GIA,4.54 x 4.48 x 3.1,"$1,120"
Asscher,1.03,V.Good,F,VVS1,56,67.5,GIA,5.80 x 5.75 x 3.88,"$6,670"
Asscher,1.76,V.Good,F,VS2,56,72.2,GIA,8.08 x 5.51 x 3.98,"$14,567"
Asscher,1.05,V.Good,E,VS1,56,67.9,GIA,5.90 x 5.62 x 3.82,"$5,505"
Asscher,1.05,V.Good,D,IF,56,68.7,GIA,5.65 x 5.60 x 3.85,"$12,359"
Asscher,1.01,V.Good,E,VVS1,56,76.2,GIA,5.55 x 5.26 x 4.01,"$5,506"
Asscher,1.06,V.Good,H,VVS1,56,69.9,GIA,5.65 x 5.59 x 3.91,"$4,764"
Asscher,3.02,V.Good,D,VS2,56,66.9,GIA,8.25 x 8.14 x 5.45,"$56,097"
Asscher,0.53,V.Good,G,VVS1,56,64.5,GIA,4.68 x 4.49 x 2.90,"$1,571"
Asscher,0.48,V.Good,E,VS2,56,65.1,GIA,4.47 x 4.41 x 2.87,"$1,299"
Asscher,1.07,V.Good,K,VS1,56,69.6,GIA,5.67 x 5.64 x 3.93,"$3,526"
Asscher,0.71,V.Good,D,VS2,56,76.1,GIA,4.81 x 4.69 x 3.57,"$2,751"
Asscher,2.09,V.Good,F,VS1,56,68.8,GIA,7.27 x 6.99 x 4.81,"$24,733"
Asscher,1,V.Good,H,VVS1,56,71,GIA,5.49 x 5.41 x 3.84,"$4,366"
